,title,budget,revenue,genres,production_countries,production_companies,adult,popularity,original_language,release_date,runtime,vote_average,vote_count
0,Variations on a Mechanical Theme,0,0,,,,False,1.121,en,1959-04-21,13,6.0,1
1,Las visitaciones del diablo,0,0,,Mexico,Masari Films,False,0.6,es,1968-08-15,95,0.0,0
2,Madame l'eau,0,0,,,,False,0.6,en,1993-02-25,102,8.5,2
3,Pellichoopulu,200000,5500000,"Romance, Comedy",India,"BigBen Films, Vinoothna Geetha",False,1.581,te,2016-07-29,124,7.1,11
4,All American Girls 4: Heart Throbs,0,0,,United States of America,Caballero Control Corporation Home Video (CCC),True,1.198,en,1985-03-26,79,8.0,2
5,Stars on Parade,0,0,Music,United Kingdom,Butcher's Film Service,False,0.841,en,1936-01-01,60,0.0,0
6,Elise's Secret,0,0,,France,Marc Dorcel,True,0.62,fr,1985-03-26,67,7.5,1
7,Autumn,0,0,,,,False,0.84,en,1994-04-21,8,0.0,0
8,Road to Happiness,0,0,,,,False,1.377,en,1941-12-19,84,0.0,0
9,Jumper,0,0,"Thriller, Drama, Crime, Action",Philippines,"Sinag Maynila, Solar Entertainment",False,1.104,tl,2016-04-22,93,0.0,0
10,Expressway,0,0,"Action, Crime, Drama",Philippines,"Waveslicer Productions, Centerstage Productions, Solar Entertainment, Sinag Maynila, Strawdogs Studio Production",False,0.6,en,2016-04-22,93,0.0,0
11,Senza Vergogna,0,0,Drama,Italy,,False,2.166,it,1986-03-19,94,8.7,3
12,T.P.O.: Temporary Protection Order,0,0,Drama,Philippines,"Sinag Maynila, Solar Entertainment",False,0.664,en,2016-04-22,76,4.8,2
13,Mrs.,0,0,Drama,Philippines,"Phoenix Features, Solar Entertainment, Sinag Maynila, Centerstage Productions",False,0.606,en,2016-04-22,,0.0,0
14,The Secrets of Love: Three Rakish Tales,0,0,Drama,"Netherlands, Belgium",Kunst en Kino,False,1.39,nl,1986-10-23,93,7.5,1
15,Lila,0,0,"Horror, Thriller",Philippines,"Centerstage Productions, Solar Entertainment, Sinag Maynila",False,0.6,en,2016-04-22,82,1.0,1
16,Mobile Horror,0,0,"Drama, Comedy",Finland,YLE,False,0.6,fi,2010-04-21,93,6.0,1
17,Period Piece,0,0,,,,False,0.871,en,1996-01-01,30,5.0,1
18,The Confessions,0,0,"Drama, Thriller","France, Italy",01 Distribution,False,4.184,it,2016-04-21,103,5.8,47
19,De Statusmakers,0,0,,,,False,0.6,en,2015-09-30,7,0.0,0
20,Abbraccialo per me,0,0,Drama,Italy,,False,1.465,it,2016-04-21,,6.1,8
21,Unbalance,0,0,Horror,Japan,,False,0.6,en,2006-01-01,4,0.0,0
22,Grotto,0,0,Adventure,Italy,,False,1.176,it,2015-07-24,,4.3,7
23,Sorry,0,0,,,,False,0.846,en,2012-10-30,6,0.0,0
24,Zeta,0,0,Drama,,,False,3.955,it,2016-04-28,,6.4,105
25,36 Hours,0,0,Horror,,,False,0.842,th,2004-11-05,110,0.0,0
26,RPW: Summer Sizzler 2012,0,0,,,,False,0.6,en,2012-08-26,120,0.0,0
27,RPW: Uprising 2012 - Night 1,0,0,,,,False,0.6,en,2012-10-13,132,0.0,0
28,RPW: Uprising 2012 - Night 2,0,0,,,,False,0.6,en,2012-10-14,123,0.0,0
29,The Champions League,0,0,Comedy,Italy,"Produzione Straordinaria, Notorious Pictures, Combo Produzioni",False,2.796,it,2016-04-28,88,4.5,45
30,RPW: Christmas Cracker 2012,0,0,,,,False,0.6,en,2012-12-02,151,0.0,0
31,My Father Jack,0,0,,,,False,1.633,it,2016-05-14,,4.5,10
32,Streetsmart,0,0,Drama,Philippines,Regal Entertainment,False,0.6,tl,1994-04-21,120,0.0,0
33,"Jean-Michel, the Woodland Caribou",0,0,Animation,France,"Panique, Autour de Minuit Productions, Nadasdy Film",False,0.601,fr,2015-07-11,11,0.0,0
34,Spain,0,0,Drama,,,False,0.934,de,2012-02-11,102,5.0,1
35,"I Love You, No One Else",0,0,"Drama, Romance, Comedy",Philippines,Regal Entertainment,False,0.876,tl,1992-04-21,110,0.0,0
36,A.R.C.H.I.E.,0,0,Family,,,False,2.878,en,2016-04-19,88,5.3,18
37,Smouldering Tears,0,0,"Romance, Drama",Philippines,Regal Entertainment,False,0.626,tl,1988-07-17,120,0.0,0
38,Kampen om fjordane,0,0,Documentary,,,False,0.6,no,,77,0.0,0
39,Der Pfarrer von Kirchfeld,0,0,Drama,Austria,Excelsior Film,False,1.4,de,1937-11-18,81,0.0,0
40,The Prisoners Dream,0,0,,,,False,0.6,en,2015-10-06,15,0.0,0
41,Mandaraya no Ryôta,0,0,Comedy,Japan,,False,0.6,ja,1986-03-15,101,0.0,0
42,Rotkäppchen und der Wolf,0,0,"Family, Fantasy",Germany,Tobis-Melofilm GmbH (Berlin),False,0.624,de,1937-01-01,,5.0,1
43,A Year in Space,0,0,Documentary,United States of America,"Reel Peak Film, Room 608",False,1.223,en,2016-03-02,56,7.3,4
44,Playboy,0,0,"Romance, Comedy",Philippines,Regal Entertainment,False,0.876,tl,1981-07-17,100,0.0,0
45,Champion: Fangio - A Pirelli Tribute,0,0,,,,False,0.6,en,2002-05-20,75,0.0,0
46,"A Night with You, A Night with Me",0,0,"Drama, Comedy",Philippines,AA Productions,False,0.6,en,1978-06-23,,0.0,0
47,The Cannery Boat,0,0,Drama,Japan,Gendai Production,False,0.6,ja,1953-09-10,112,0.0,0
48,Robert Frost,0,0,Documentary,,,False,1.09,en,,,0.0,0
49,Ben Franklin,0,0,History,,,False,0.6,en,2004-12-05,91,0.0,0
50,Old Louisiana,0,0,Western,United States of America,Crescent Pictures Corporation,False,0.961,de,1937-03-01,60,0.0,0
51,Fool Me Once,0,0,"Thriller, Horror",Australia,Silver Eye Pictures,False,0.897,en,2017-10-27,13,10.0,1
52,A Publisher is Known by the Company He Keeps,0,0,Documentary,,,False,0.84,en,,,0.0,0
53,Earth: The Inside Story,0,0,Documentary,,,False,1.098,en,2014-04-01,57,0.0,0
54,Excelsis,0,0,Drama,Canada,"Mr Bravo Entertainment, Universe Pictures Group",False,1.617,en,2021-09-18,110,0.0,0
55,Bodybuilding,0,0,,Austria,,False,0.6,en,1984-01-01,3,0.0,0
56,青葉学園物語,0,0,Family,Japan,"Eizo Kikaku Co., Ltd.",False,0.6,ja,1981-04-26,100,0.0,0
57,Why are the Clouds Thin?,0,0,,Philippines,,False,0.84,tl,1985-10-17,110,0.0,0
58,North Korean Labor Camps,0,0,Documentary,,Vice Media,False,0.6,en,2011-01-01,41,0.0,0
59,Das Mädchen Internat 4,0,0,,,,True,0.6,de,1998-01-01,,10.0,1
60,"Bush: [1996] New York, NY",0,0,,,,False,0.6,en,1996-11-18,,0.0,0
61,The Common Room,0,0,Comedy,,,False,0.6,en,2016-04-21,10,0.0,0
62,Washington the Warrior,0,0,History,,,False,0.6,en,2006-05-29,91,0.0,0
63,Air-Mail,0,0,Animation,"France, Switzerland","Folimage, Nadasdy Film",False,0.84,fr,2015-02-10,6,0.0,0
64,The Successor,0,0,Documentary,Italy,Apulia Film Commission,False,0.6,it,2016-04-21,52,0.0,0
65,Game of Hyrule,0,0,Fantasy,Canada,Megasteakman Productions,False,0.6,en,2016-04-17,6,8.0,1
66,Crash Test Dude,0,0,"Documentary, Music",,,False,1.377,en,2001-11-05,47,0.0,0
67,Papa Mama Bye Bye,0,0,Animation,Japan,"Eizo Kikaku Co., Ltd.",False,0.6,ja,1984-07-23,70,0.0,0
68,Bad Boy's 10th Anniversary... The Hits,0,0,Music,United States of America,Bad Boy Records,False,1.4,en,2004-03-09,51,7.0,1
69,It Happened in Piedras Blancas,0,0,,Puerto Rico,"Film Unit of the Division of Community Education, Puerto Rico, Divedco",False,1.341,es,1960-01-01,51,0.0,0
70,"Rumba Tres, de ida y vuelta",0,0,Documentary,,,False,0.605,es,2016-04-22,,0.0,0
71,Jean-Marc Parent - Urgence de vivre,0,0,Comedy,,,False,1.4,fr,2009-11-10,,0.0,0
72,"I, Juan Ponce de León",0,0,,Puerto Rico,"Film Unit of the Division of Community Education, Puerto Rico, Divedco",False,1.341,es,1955-01-01,20,0.0,0
73,Bulldog,0,0,Drama,,,False,0.602,en,2016-01-01,17,0.0,0
74,Sound/Vision,0,0,Drama,,EdLu Productions,False,0.615,en,2016-02-27,13,0.0,0
75,Roots of Happiness,0,0,,Puerto Rico,"Film Unit of the Division of Community Education, Puerto Rico, Divedco",False,0.6,es,1955-01-01,23,0.0,0
76,The Ego Death,0,0,Thriller,,,False,0.606,en,2016-09-09,12,0.0,0
77,Bye Bye Kipling,0,0,"Documentary, Music, TV Movie",United States of America,,False,0.6,en,1986-01-01,30,0.0,0
78,How Sorrowful,0,0,Drama,Japan,The Mingei Theatre Company,False,0.6,ja,1956-09-07,108,0.0,0
79,Jatka,0,0,Horror,,,False,0.6,pl,,44,0.0,0
80,"Nevermore: [2003] Malmo, Sweden",0,0,Music,,,False,0.842,en,2003-09-22,,0.0,0
81,"Pantera: [2001] Seoul,South Korea",0,0,,,,False,0.6,en,2001-05-06,,0.0,0
82,Delirium,9,0,,United States of America,,False,1.128,en,2005-08-26,80,0.0,0
83,Disruption,0,0,Drama,,,False,0.6,en,2016-03-09,9,0.0,0
84,1 Night in China,0,0,Drama,China,,True,0.673,en,2004-12-13,60,6.0,1
85,"Nevermore: [2001] San Jose, California",0,0,Music,,,False,1.4,en,2001-05-20,,0.0,0
86,Einmal Frühling und zurück,0,0,Drama,Germany,,False,0.6,de,2014-03-23,,0.0,0
87,Sepultura: [1994] Roskilde Festival,0,0,,,,False,0.6,en,1994-07-01,,0.0,0
88,Red Fang: [2014] Resurrection Fest,0,0,,,,False,0.6,en,2014-07-31,,8.0,1
89,Disc Jockey,0,0,,,,False,0.6,en,1951-09-30,77,0.0,0
90,Kara Simsek,0,0,Drama,,,False,0.87,en,1985-01-01,72,4.0,1
91,Hamlet_X,0,0,Drama,Germany,,False,1.122,de,2003-06-21,,7.0,1
92,"Testament: [1995] Buenos Aires, Argentina",0,0,,,,False,0.6,en,1995-06-16,,0.0,0
93,Παιχνίδια στην Εδέμ,0,0,,,,False,0.6,en,,,0.0,0
94,Set the Thames on Fire,0,0,"Science Fiction, Comedy, Fantasy",,,False,1.253,en,2015-09-30,83,6.8,4
95,Παιχνίδια στην Εδέμ,0,0,,,,False,0.6,en,,,0.0,0
96,Games in Edem,0,0,Comedy,Greece,βασιλειος  αλατας,False,0.6,el,2002-01-01,,0.0,0
97,Adrenaline Crew 100% Illegal,0,0,Documentary,,Adrenaline Productions,False,1.453,en,2005-09-27,58,0.0,0
98,Adrenaline Crew: Verdict Guilty,0,0,Documentary,,Adrenaline Productions,False,0.701,en,2010-01-12,123,0.0,0
99,Adrenaline Crew: The Road Behind,0,0,Documentary,,Adrenaline Productions,False,0.843,en,2007-10-16,83,0.0,0
100,150 Milligrams,0,0,Drama,France,"France 2 Cinéma, Haut et Court",False,4.759,fr,2016-11-18,128,7.1,56
101,Mirko and Slavko,0,0,War,Yugoslavia,NIP „Dečje novine”,False,0.804,sh,1973-11-21,98,0.0,0
102,Jahar,0,0,Drama,,,False,1.142,en,2016-04-16,13,0.0,0
103,Powódź,0,0,Documentary,Poland,,False,0.6,pl,1947-05-25,13,0.0,0
104,Joe's Violin,0,0,Documentary,United States of America,,False,2.217,en,2016-04-14,24,6.1,9
105,Spider House,0,0,Documentary,United Kingdom,"Windfall Films, Argonon",False,0.6,en,2014-10-29,89,0.0,0
106,HOME,15,0,,United States of America,,False,0.6,en,2015-09-15,1,8.5,1
107,Secret Agreement: Ministry of Foreign Affairs Secret Leak Incident,0,0,TV Movie,Japan,"tv asahi, S.H.P.",False,0.6,ja,1988-06-11,100,0.0,0
108,Misericordia,0,0,,,,False,0.6,en,1953-03-13,85,0.0,0
109,Bot-chan,0,0,Comedy,Japan,"Tokyo Eiga Co., Ltd.",False,0.6,ja,1953-06-15,111,0.0,0
110,Element Targeted Toning Pilates for Beginners,0,0,,,,False,0.6,en,,80,0.0,0
111,Element Accelerated Pilates with Bands,0,0,,,,False,0.6,en,,45,0.0,0
112,Element Pilates Basics,0,0,,,,False,0.6,en,,63,0.0,0
113,Where the Heart Is,0,0,Drama,Philippines,Regal Entertainment,False,0.6,tl,1997-12-25,115,0.0,0
114,Just Suppose,0,0,Comedy,United States of America,Metro-Goldwyn-Mayer,False,0.6,en,1948-07-17,9,0.0,0
115,Food Choices,0,0,Documentary,,,False,3.236,en,2016-04-21,90,7.5,46
116,Women in Business,0,0,Comedy,,,False,1.49,en,,,10.0,2
117,A Simple Heart,0,0,,,,False,0.6,en,1977-04-20,,0.0,0
118,"Compostelle, le chemin de la vie",0,0,"History, Documentary, Adventure","Spain, France, Switzerland",Betel Films,False,0.6,en,2015-04-01,98,6.0,1
119,My Brothers and Sisters in the North,0,0,Documentary,Germany,"Hessischer Rundfunk, Cine Plus Filmproduktion, Westdeutscher Rundfunk",False,1.107,de,2016-07-14,90,7.0,5
120,It Came From Connemara!,0,0,,,,False,0.878,en,2014-07-09,60,5.0,1
121,Mr Invisible,0,0,Crime,,,False,0.877,en,2013-10-26,14,7.0,1
122,Aki Kaurismäki,0,0,,,,False,1.4,en,2001-04-22,53,6.0,1
123,RPW: Live In St Ives,0,0,,,,False,0.6,en,2012-11-16,119,0.0,0
124,Der Bulle und das Landei - Goldrausch,0,0,"TV Movie, Comedy, Crime",Germany,,False,0.634,de,2016-04-21,,6.0,1
125,RPW: No Holds Barred,0,0,,,,False,0.6,en,2013-02-10,126,0.0,0
126,RPW: High Stakes 2013,0,0,,,,False,0.6,en,2013-03-31,109,0.0,0
127,RPW: Road To Thunder,0,0,,,,False,0.6,en,2013-05-26,117,0.0,0
128,RPW: When Thunder Strikes,0,0,,,,False,0.6,en,2013-06-15,151,0.0,0
129,RPW: Summer Sizzler 2013,0,0,,,,False,0.6,en,2013-08-18,122,0.0,0
130,RPW: Uprising 2013,0,0,,,,False,0.6,en,2013-10-19,166,0.0,0
131,RPW: Enter The Dragon 2013,0,0,,,,False,0.6,en,2013-10-27,115,0.0,0
132,RPW: Christmas Cracker 2013,0,0,,,,False,0.6,en,2013-12-08,126,0.0,0
133,Blinde engle,0,0,,,,False,1.093,da,2007-03-21,,0.0,0
134,RPW:  Sittingbourne Spectacular 2014,0,0,,,,False,0.6,en,2014-03-16,120,0.0,0
135,RPW: No Escape 2014,0,0,,,,False,0.6,en,2014-05-25,106,0.0,0
136,Proof of Innocence,0,0,"Crime, Drama",South Korea,"Next Entertainment World, Content K",False,1.14,ko,2016-05-19,120,8.0,1
137,RPW: Summer Sizzler 2014,0,0,,,,False,0.6,en,2014-06-15,140,0.0,0
138,RPW: Uprising 2014,0,0,,,,False,0.6,en,2014-10-18,175,0.0,0
139,Soul,1500000,0,Crime,United States of America,C4 Media Group,False,0.666,en,2016-04-16,99,0.0,0
140,RPW: Okada vs. Aries,0,0,,,,False,0.6,en,2014-10-19,139,0.0,0
141,RPW: Sittingbourne Return,0,0,,,,False,0.6,en,2014-11-09,101,0.0,0
142,RPW: No Escape 2015,0,0,,,,False,0.6,en,2015-02-08,121,0.0,0
143,Art = (Love)²,0,0,,,,False,0.6,ru,2012-01-01,,0.0,0
144,RPW: Best Of British 2015,0,0,,,,False,0.6,en,2015-04-26,119,0.0,0
145,Das Phallometer,0,0,Comedy,Germany,Ente Kross Film,False,1.097,de,2013-10-29,,0.0,0
146,Here and There,0,0,"Animation, Science Fiction",Poland,,False,1.4,pl,1957-01-01,6,6.0,1
147,Romance of a Maid,0,0,Comedy,,,False,0.6,el,1965-01-01,78,0.0,0
148,The Four Companions,0,0,"Comedy, Romance",Germany,Tonfilmstudio Carl Froelich,False,0.695,de,1938-10-01,96,6.0,2
149,Kinesis,0,0,Animation,,,False,0.844,en,1975-01-01,4,0.0,0
150,Collage,0,0,Animation,,,False,0.6,en,1975-01-01,6,0.0,0
151,Alae,0,0,Animation,,,False,0.6,en,1975-01-01,5,0.0,0
152,Metamorphosis,0,0,Animation,,,False,0.6,en,1974-01-01,8,0.0,0
153,King’s Seal,0,0,"Documentary, History, TV Movie",Australia,"South Australian Film Corporation, MAV Media, NITV",False,0.6,en,2014-08-13,53,0.0,0
154,Galaxies,0,0,Animation,,,False,0.6,en,1974-01-01,4,0.0,0
155,Mayan,0,0,Animation,,,False,0.84,en,1974-01-01,7,0.0,0
156,Mirage,0,0,Animation,,,False,0.6,en,1974-01-01,5,0.0,0
157,Metathesis,0,0,Animation,,,False,0.6,en,1974-01-01,3,0.0,0
158,Innocence,0,0,Animation,,,False,0.6,en,1973-01-01,2,0.0,0
159,Oflu Hoca'nın Şifresi 2,0,0,Comedy,Turkey,,False,1.622,tr,2016-05-13,,4.0,3
160,Papillons,0,0,Animation,,,False,0.626,en,1973-01-01,4,0.0,0
161,Mathoms,0,0,Animation,,,False,0.6,en,1972-01-01,3,0.0,0
162,Enigma,0,0,Animation,,,False,0.626,en,1972-01-01,4,0.0,0
163,Dreamers,0,0,,,,False,0.659,en,2002-08-12,58,7.0,2
164,Rosaura,0,0,Drama,Puerto Rico,"AM Productions, Inc.",False,0.84,es,2014-10-29,88,0.0,0
165,Ahnenerbe: Inherited from the Forefathers,70000000,0,"Action, Mystery, Science Fiction",United States of America,Revolution Sun Studios,False,2.257,en,2019-06-21,120,0.0,1
166,Sleepwalkers Who Kill,0,0,Documentary,,,False,0.823,en,2001-01-01,47,4.0,1
167,Polare,0,0,Drama,,,False,1.4,en,1976-03-19,104,5.0,1
168,"Slayer: [1999] Las Vegas, Nevada",0,0,,,,False,1.341,en,1999-04-29,,0.0,0
169,Lollos 1 - My Naam is Lollos,0,0,Family,South Africa,Lollos Productions,False,0.6,en,2009-06-01,,5.5,2
170,Sfaira 1985-1895,0,0,Documentary,Croatia,,False,0.6,hr,1984-01-01,10,6.5,2
171,VD,0,0,Drama,,,False,0.698,en,1988-11-06,119,2.0,1
172,BBC - Aliens: The Big Think,0,0,Documentary,United Kingdom,BBC,False,0.784,en,2016-05-01,59,6.8,6
173,Grötbögen,0,0,"Drama, TV Movie",Sweden,SVT Drama,False,0.875,sv,1997-12-17,60,0.0,0
174,Employ for Die 2,0,0,Action,Thailand,,False,0.664,th,1989-04-25,,0.0,0
175,Asta Nilsson's companion,0,0,Drama,Sweden,Hinden/Länna-Ateljéerna,False,0.842,sv,2005-04-15,81,0.0,0
176,Free to Run,0,0,Documentary,"Belgium, France, Switzerland",,False,1.4,en,2016-02-24,90,7.7,10
177,Strawberry Shortcake: Sweet Sunshine Adventures,0,0,,,,False,0.6,en,2016-03-01,66,0.0,0
178,La noche que se apareció Toño Bicicleta,0,0,Drama,Puerto Rico,XCL-TV,False,0.629,es,1997-11-01,90,4.0,1
179,Sitting Bull: A Stone in My Heart,0,0,"Documentary, History",United States of America,LilliMar Pictures,False,0.6,en,2006-11-01,83,0.0,0
180,A girl From Dar alsalam,0,0,,,,False,0.6,ar,,,0.0,0
181,Refused: [2015] Resurrection Fest,0,0,,,,False,1.101,en,2015-07-16,,0.0,0
182,Dirty Driving: Thundercars Of Indiana,0,0,,United States of America,"HBO, HBO Documentary Films",False,1.093,en,2008-11-13,68,0.0,0
183,Throb POV 2,0,0,,United States of America,"Handheld Pictures, Digital Playground",True,0.6,en,2007-02-12,145,7.5,1
184,Alle Räder stehen still,0,0,,,,False,0.6,en,1921-03-18,60,0.0,0
185,The Prime Minister,0,0,Thriller,"Belgium, Netherlands","Woestijnvis, Millstreet Films, FBO",False,2.621,nl,2016-10-26,115,5.4,33
186,Sasha,0,0,"Drama, Crime",Belarus,Belgoskino,False,0.6,ru,1930-04-25,39,0.0,0
187,Old Mother Riley's Jungle Treasure,0,0,Comedy,United Kingdom,Oakland Films,False,0.673,en,1951-01-01,75,10.0,1
188,Old Mother Riley's New Venture,0,0,Comedy,United Kingdom,Harry Reynolds Productions,False,0.6,en,1949-07-01,69,0.0,0
189,El perdido,0,0,,,,False,0.884,es,2016-04-25,,5.0,1
190,Clank: Legacy,0,0,"Thriller, Action",Sweden,DEP Films,False,0.82,en,2016-09-10,141,9.0,4
191,Hep Yek,0,0,"Comedy, Adventure, Crime",Turkey,,False,0.914,tr,2016-02-05,,4.3,4
192,The Battle for Late Night,0,0,Documentary,,,False,0.6,en,2010-04-27,40,0.0,0
193,The Age of Consequences,0,0,"War, Documentary","United States of America, Germany, Spain, Jordan",,False,0.84,en,2016-06-10,80,7.0,1
194,I'm with you,0,0,,,,False,0.6,uk,2016-04-21,90,0.0,0
195,"Sepultura: [1989] Fagersta, Sweden",0,0,,,,False,1.46,en,1989-10-05,,0.0,0
196,Shattered Vows,0,0,"Romance, Drama, TV Movie",United States of America,"Bertinelli/Jaffe Productions, NBC",False,0.751,en,1984-10-28,94,3.8,3
197,"Tschernobyl, Fukushima - Leben im Risikogebiet",0,0,Documentary,,,False,0.6,de,2016-04-26,,0.0,0
198,Sepultura: [2011] Wacken Open Air,0,0,,,,False,0.845,en,2011-08-06,,0.0,0
199,Sepultura: Rock in Rio USA 2015,0,0,Music,,,False,0.676,en,2015-05-09,,0.0,0
200,Sacrifice,0,0,"Thriller, Crime, Mystery","Germany, Ireland, United States of America","Boulder Media, Cheyenne Enterprises, Subotica Entertainment, Fundamental Entertainment, Schubert International Filmproduktions",False,5.154,en,2016-04-29,91,5.2,100
201,"Sepultura: [1994] Rio de Janeiro, Brazil",0,0,,,,False,0.6,en,1994-01-22,,0.0,0
202,Stravinsky: Le Sacre Du Printemps,0,0,,,,False,0.6,en,2008-11-18,40,0.0,0
203,"Sabaton: [2016] Nantes, France",0,0,,,,False,0.6,en,2016-02-24,,0.0,0
204,"Slayer: [1988] Stockholm, Sweden",0,0,,,,False,0.664,en,1988-09-08,,0.0,0
205,Can We Take a Joke?,0,0,Documentary,United States of America,Korchula Productions,False,1.392,en,2016-07-29,74,7.5,6
206,"Jag ser, jag hör, jag vet",0,0,Documentary,,,False,0.6,sv,2016-01-28,8,0.0,0
207,Terrarium,0,0,Drama,Croatia,Akademija Dramskih Umjetnosti (ADU),False,1.186,hr,2012-10-17,25,6.0,3
208,Treasure Island,0,0,"Adventure, Family","Russia, Soviet Union",Soyuzdetfilm,False,1.4,ru,1937-12-20,92,8.0,2
209,Bambi Plus,0,0,Comedy,Serbia,Fakultet Dramskih Umetnosti (FDU),False,0.6,sr,2006-12-06,20,7.0,1
210,The Caterpillar and the Polliwog,0,0,Family,,,False,0.654,en,1988-01-01,,0.0,0
211,Me llaman el cantaclaro,0,0,"Comedy, Western, Music",Mexico,Rosas Films S.A.,False,0.6,es,1964-09-03,95,0.0,0
212,Clifford the Big Red Dog: Be My Big Red Valentine,0,0,Family,,,False,1.01,en,2003-01-21,,0.0,0
213,恐怖のカービン銃,0,0,Thriller,Japan,Ari Pro,False,0.6,ja,1954-08-03,46,0.0,0
214,Pink Project - Floyd's Dark Sides Live in A'hoy 2012,0,0,Music,,,False,0.6,nl,2012-10-01,,0.0,0
215,Nach: Latam Tour,0,0,,,,False,0.6,es,2013-06-05,,0.0,0
216,May God Save Us,4000000,1598584,Thriller,Spain,"Atresmedia Cine, MISTERY PRODUCCIONES, A.I.E., Tornasol Films, Hernández y Fernández Producciones Cinematográficas, Antena 3 Films, TeleMadrid, Movistar+",False,7.19,es,2016-10-28,127,6.8,195
217,Clifford the Big Red Dog: Rock N' Roll Clifford,0,0,Family,,,False,0.6,en,2004-02-17,,0.0,0
218,Clifford the Big Red Dog: Team Clifford,0,0,Family,,,False,0.6,en,2004-02-17,,0.0,0
219,"Nach: En Obregon, Mexico",0,0,,,,False,0.6,es,2012-12-12,,0.0,0
220,Garfunkel and Oates: Trying to be Special,0,0,Comedy,,Divide / Conquer,False,2.241,en,2016-05-05,62,7.5,12
221,Paint It Black,0,0,Drama,,,False,1.185,en,2016-06-03,96,6.0,13
222,Pink Project - The Wall Essentials & more! - 2015,0,0,Music,,,False,0.6,nl,2015-10-22,,0.0,0
223,Two Marxists in Hollywood,0,0,Documentary,,,False,0.601,en,2015-09-03,26,0.0,0
224,Glass House,0,0,Documentary,United States of America,,False,0.6,en,2015-09-03,21,0.0,0
225,A Song Not Enough,0,0,Drama,,,False,0.6,el,2003-01-09,118,0.0,0
226,Blood Stripe,0,0,Thriller,United States of America,Tandem Pictures,False,0.713,en,2016-06-02,92,6.0,2
227,Trashy Town,0,0,Family,,,False,0.6,en,1999-02-27,,0.0,0
228,Testament: [2014] Resurrection Fest,0,0,,,,False,0.6,en,2014-08-02,,0.0,0
229,A Model Family in a Model Home,0,0,Documentary,United States of America,,False,0.601,en,2015-09-03,22,0.0,0
230,FugleKongerne,0,0,Documentary,Denmark,Deluca Film,False,0.6,da,2012-09-12,,0.0,0
231,Tickety Toc: Chime Time Adventure,0,0,Family,,,False,0.6,en,2013-01-01,,0.0,0
232,Veggie Tales: Larry Learns to Listen,0,0,Family,,,False,0.6,en,2012-07-01,,0.0,0
233,Ballad of the lost moonlight,0,0,Drama,Greece,"FASMA EPE, Hellenic Radio & Television (ERT)",False,0.841,el,2002-01-01,70,0.0,0
234,Tribulation: [2015] Hellfest,0,0,,,,False,0.6,en,2015-06-21,,0.0,0
235,"Iron Maiden: [1995] Sofia, Bulgaria",0,0,,,,False,1.4,en,1995-10-16,,0.0,0
236,KONELĪNE: our land beautiful,0,0,,,,False,0.854,en,2016-04-29,96,0.0,0
237,Iron Maiden: [1996] Monsters of Rock Brazil,0,0,,,,False,1.165,en,1996-08-24,,0.0,0
238,Destined,0,0,"Fantasy, Drama",United States of America,"Whitewater Films, Confluential Films, Lola's Productions, Tilted Windmill Productions",False,1.578,en,2017-11-17,95,6.0,3
239,Insatiable Janine,0,0,Romance,Germany,VPS Erotic Division,True,0.84,de,1987-02-26,85,0.0,0
240,Their Distance,0,0,Romance,Japan,Nikkatsu Corporation,False,0.662,ja,2016-01-09,106,8.0,2
241,Good Stripes,0,0,,Japan,,False,0.6,ja,2015-05-30,119,0.0,0
242,Dryads in a Snow Valley,0,0,"Drama, Documentary",,,False,0.6,ja,2015-10-01,69,7.0,1
243,The Man Who Was Eaten,0,0,,,,False,0.6,ja,2016-01-01,100,0.0,0
244,The Look,0,0,,,,False,0.6,ja,2015-01-01,94,0.0,0
245,Thomas & Friends: Thomas & the Really Brave Engines,0,0,Family,,,False,0.6,en,2006-01-01,,0.0,0
246,A guest,0,0,"Drama, Fantasy",Soviet Union,"Mosfilm, Lenfilm",False,0.963,ru,1987-01-01,85,5.0,2
247,Thomas & Friends: Sing Along and Stories,0,0,Family,,,False,0.6,en,2010-04-12,,0.0,0
248,Thomas & Friends: James Learns a Lesson,0,0,Family,,,False,0.6,en,2005-01-01,,0.0,0
249,The Red Thread,0,0,"Drama, Romance",Argentina,"DEMENTE CONTENIDOS, MyS Producción, Telefe",False,5.71,es,2016-05-19,100,6.4,92
250,Aline Barros - Extraordinária Graça (Ao Vivo),0,0,Music,Brazil,MK Publicita,False,0.6,pt,2015-04-26,,9.0,1
251,Dora the Explorer: Cowgirl Dora,0,0,Family,,,False,0.6,en,2012-03-06,,0.0,0
252,Dora the Explorer: Dora's Butterfly Ball,0,0,,,,False,0.6,en,2013-02-12,,0.0,0
253,Dora the Explorer: Dora's First Trip,0,0,,,,False,0.6,en,2007-01-01,,0.0,0
254,Tapavica,0,0,Documentary,Serbia,"Talking Wolf Productions, Olimp Produkcija",False,0.89,sr,2016-04-27,43,10.0,1
255,Dora the Explorer: Musical School Days,0,0,Family,,,False,0.6,en,2007-02-13,,0.0,0
256,Dora the Explorer: Super Silly Fiesta!,0,0,Family,,,False,0.6,en,2004-06-01,,0.0,0
257,Dora the Explorer: Summer Explorer,0,0,Family,,,False,0.6,en,2007-07-03,,0.0,0
258,Dora the Explorer: Shy Rainbow,0,0,Family,,,False,0.6,en,2006-04-03,,0.0,0
259,O Mestre e o Divino,0,0,Documentary,Brazil,,False,1.357,pt,2016-11-17,,0.0,0
260,The Suit,10,0,"Comedy, Drama, Mystery",Canada,,False,0.6,en,2016-05-01,5,0.0,0
261,Anal Frenzy,0,0,,United States of America,Evil Angel,True,0.6,en,2010-12-13,258,8.0,2
262,Gun Code,0,0,Western,United States of America,"Producers Releasing Corporation (PRC), Sigmund Neufeld Productions",False,0.84,en,1940-08-03,54,0.0,0
263,Biggest Boobs 8,0,0,,Netherlands,Diablo Productions,True,0.6,en,2010-01-01,223,7.0,1
264,Riders of Black Mountain,0,0,Western,United States of America,"Producers Releasing Corporation (PRC), Sigmund Neufeld Productions",False,0.84,en,1940-11-11,57,0.0,0
265,Spirit (Smells Like Teen Spirit),0,0,,,,False,0.843,en,2007-04-27,8,0.0,0
266,Stan & Ollie,10000000,0,"Comedy, Drama","United States of America, United Kingdom, Canada","Fable Pictures, Entertainment One, Baby Cow Productions, Sonesta Films, BBC Films, Laurel and Hardy Feature Productions",False,14.995,en,2018-12-28,98,7.1,308
267,You and Me,0,0,Documentary,Australia,"Way Back Films, Garage Entertainment",False,0.674,en,2016-04-28,90,9.3,2
268,Akado Suzunosuke: Monster in the Moonlight,0,0,,,,False,0.841,en,1957-04-26,57,0.0,0
269,Akado Suzunosuke Destroys the Devil Mask Gang,0,0,,,,False,0.6,ja,1957-04-27,50,0.0,0
270,Akado Suzunosuke and the Vacuum Slash of the Asuka School,0,0,,,,False,1.091,ja,1957-04-29,50,0.0,0
271,Akado Suzunosuke vs. the Devil in Crescent Moon Tower,0,0,,,,False,0.877,ja,1957-04-30,70,0.0,0
272,Akado Suzunosuke vs. the One-Legged Devil,0,0,,,,False,0.841,ja,1957-05-01,64,0.0,0
273,The Story of Shirley Yorke,0,0,Drama,United Kingdom,Nettlefold Films,False,2.41,en,1949-07-04,92,6.0,3
274,Akado Suzunosuke vs. the Birdman with 3 Eyes,0,0,Action,Japan,"Daiei Motion Picture Co., Ltd.",False,0.6,ja,1958-03-11,71,0.0,0
275,There Was a Young Lady,0,0,Comedy,United Kingdom,Nettlefold Films,False,0.687,en,1953-01-01,84,6.0,2
276,Le pont de singe,0,0,,,,False,1.34,en,1976-04-26,,0.0,0
277,Just the 3 of Us,0,0,"Comedy, Drama",Philippines,Star Cinema – ABS-CBN Film Productions,False,1.054,en,2016-04-27,121,8.5,2
278,Chasing Fifty,0,0,"Romance, Comedy",Czech Republic,"Format Factory, Magiclab, Studio Beep",False,1.296,cs,2015-12-24,92,6.4,4
279,One Man,0,0,,,,False,0.626,en,1977-04-26,88,0.0,0
280,Mais qu'est ce qu'elles veulent,0,0,,,,False,0.87,en,1977-04-27,,8.0,1
281,Homeless,0,0,Drama,Philippines,BG Productions International,False,0.601,en,2015-08-26,95,0.0,0
282,Sheep & Wolves,0,0,"Adventure, Animation, Comedy, Family, Fantasy, Romance",Russia,"CTB Film Company, Wizart Animation",False,6.897,ru,2016-04-28,97,5.6,34
283,ImagiGARY,0,0,Comedy,,,False,0.852,en,2015-12-25,78,0.0,0
284,Nero,0,0,,Germany,,False,0.842,en,2006-01-01,3,0.0,0
285,Flankers,0,0,,,,False,0.659,en,2014-10-14,14,0.0,0
286,Spare Rooms,0,0,,,,False,0.6,en,2014-07-05,17,0.0,0
287,Rhytmical Lines,0,0,Documentary,Hungary,I.L.G. Budapest,False,0.6,pl,1986-01-01,7,2.0,1
288,Pains,0,0,"Drama, Documentary",Uruguay,,False,0.6,es,2014-04-27,,0.0,0
289,Acho que Chovia,0,0,Drama,Brazil,Mira Filmes,False,0.6,es,2011-04-27,,0.0,0
290,The View from Tall,0,0,Drama,,,False,0.605,en,2016-06-06,87,0.0,0
291,We Who Are Young,0,0,"Drama, Romance",United States of America,Metro-Goldwyn-Mayer,False,0.6,en,1940-07-18,80,6.0,2
292,Innere Werte,0,0,Drama,Germany,,False,0.843,de,2007-06-18,,0.0,0
293,11:55,0,0,"Drama, Crime",United States of America,,False,2.269,en,2017-06-09,80,5.0,8
294,"Ich kämpfe, solange du lebst",0,0,Drama,Germany,,False,0.6,de,2001-12-12,,0.0,0
295,Rustler's Round-up,0,0,Western,United States of America,Universal Pictures,False,0.6,en,1946-08-01,57,0.0,0
296,Kästner And Little Tuesday,0,0,"History, Drama","Austria, Germany","Österreichischer Rundfunk, Ester.Reglin.Film, Dor Film Production Company, ARD/Degeto Film, Westdeutscher Rundfunk, ARD",False,0.884,de,2016-11-01,90,7.4,8
297,Zwei,0,0,Drama,Germany,Hanns Eckelkamp Filmproduktion,False,0.6,de,1965-10-13,26,0.0,0
298,Qual Queijo Você Quer?,0,0,,,,False,0.6,en,,,0.0,0
299,Stooges in Tokyo,0,0,Comedy,,,False,0.84,cn,1991-09-26,89,0.0,0
300,"La collection Cousteau N°1-1 - Le grand requin blanc, seigneur solitaire des mers",0,0,Documentary,France,TF1,False,1.4,fr,1992-04-27,,5.8,2
301,La collection Cousteau N°2-1 - Le chant des dauphins,0,0,Documentary,France,TF1,False,1.15,fr,1972-04-26,,6.3,2
302,La collection Cousteau N°3-1 - Les baleines du désert,0,0,Documentary,France,TF1,False,0.901,fr,1969-04-26,,5.8,2
303,La collection Cousteau N°4-2 - Le vol du Pingouin,0,0,Documentary,France,TF1,False,0.87,fr,1974-04-26,,6.0,1
304,La collection Cousteau N°5-1 - La vie sous un océan de glace,0,0,Documentary,France,TF1,False,0.875,fr,1974-04-26,,7.0,1
305,"La collection Cousteau N°6-1 - Hippo, Hippo",0,0,Documentary,France,TF1,False,0.873,fr,1973-04-26,,5.5,1
306,The Brave Little Tailor,0,0,Family,Germany,,False,1.091,de,1941-08-24,73,0.0,0
307,벌레의 눈물,0,0,Documentary,,,False,0.6,ko,2016-04-30,61,0.0,0
308,Teenage Fugitive,0,0,"Comedy, Crime",Taiwan,"Middle Kingdom Motion Picture Co., Ltd.",False,0.6,zh,1984-01-01,83,0.0,0
309,Return to Sarajevo,0,0,Documentary,France,,False,0.841,fr,1996-04-30,77,0.0,0
310,Pull of Gravity,0,0,Documentary,,,False,0.6,en,,81,10.0,1
311,Bruta Aventura em Versos,0,0,Documentary,Brazil,Matizar,False,0.845,pt,2011-10-10,74,0.0,0
312,The Burn,0,0,Documentary,"Chile, France",,False,1.374,es,2010-03-19,65,6.0,1
313,Blodets bånd,0,0,,Denmark,Made in Copenhagen,False,0.847,da,2013-06-05,,0.0,0
314,Death at my feet,0,0,Documentary,"Zimbabwe, Tanzania",,False,0.6,en,2011-06-16,75,0.0,0
315,Timebreakers - auf der Suche nach dem geheimnisvollen Heidekristall,1000,0,"Adventure, Family, Fantasy, History, Mystery",Germany,Fun and Joy Media,False,0.712,de,2016-09-01,,0.0,0
316,Quebec My Country Mon Pays,0,0,Documentary,Canada,,False,0.605,en,2016-04-30,89,0.0,0
317,Superdame,0,0,Family,Denmark,Danmarks Radio (DR),False,0.962,da,1991-11-17,,0.0,0
318,Anal First Timers 2,0,0,,United States of America,Desperate Pleasures,True,0.6,en,2015-04-07,91,7.0,1
319,Dirty Mind Tour,0,0,,,,False,0.6,en,2005-03-01,26,0.0,0
320,ROH: El Generico: Ole! Ole!,0,0,,,,False,0.6,en,2012-04-30,200,0.0,0
321,Ek-Hi-Rasta,0,0,,India,,False,1.091,en,1956-01-01,151,0.0,0
322,Dorothy,0,0,Horror,,,False,0.6,en,2012-10-10,14,7.0,1
323,PROGRESS Chapter 29: Practically Progress in Every Way,0,0,,,,False,0.6,en,2016-04-30,180,0.0,0
324,Poor Millionaire,0,0,Comedy,,,False,0.6,el,1965-01-01,84,0.0,0
325,The Lone Wolf,0,0,"Mystery, Drama",United States of America,Herbert Brenon Film Corporation,False,0.6,en,1917-06-30,,0.0,0
326,Grace's Room,20000,0,"Comedy, Fantasy, Horror",United States of America,Hometown Hero Productions,False,0.72,en,2016-03-10,96,10.0,1
327,The Lone Wolf Returns,0,0,"Adventure, Mystery",United States of America,Columbia Pictures,False,1.176,en,1926-08-15,70,0.0,0
328,Sinkhole,0,0,"Action, Drama",United States of America,,False,1.394,en,2013-04-01,90,0.0,0
329,Ο Λουστράκος,0,0,Drama,Greece,Anzervos,False,1.84,el,1962-01-01,92,6.5,4
330,"Stars 80, la suite",0,0,"Music, Comedy",France,"Wild Bunch, La Petite Reine, TF1 Films Production",False,4.459,fr,2017-12-06,112,4.5,57
331,Alias the Lone Wolf,0,0,Mystery,United States of America,Columbia Pictures,False,0.6,en,1927-08-22,,0.0,0
332,Man Man Man,0,0,Documentary,,,False,0.84,it,1979-04-30,114,0.0,0
333,Seduced,0,0,"Drama, Thriller, TV Movie",United States of America,Market Street Productions,False,1.199,en,2016-01-01,84,6.8,8
334,The Pineville Heist,0,0,"Action, Thriller, Crime, Mystery",Canada,,False,0.925,en,2016-04-06,80,7.0,1
335,The Lone Wolf in Mexico,0,0,Mystery,United States of America,Columbia Pictures,False,0.645,en,1947-01-16,69,0.0,0
336,"Inès, Private Nurse",0,0,,France,Marc Dorcel,True,2.255,fr,2016-04-29,105,7.5,1
337,The Man Who Returned from the Plates,0,0,Comedy,Greece,Klearhos Konitsiotis Film Productions,False,0.621,el,1969-01-01,75,2.0,1
338,Ducks and Drakes,0,0,"Romance, Comedy",United States of America,Realart Pictures Corporation,False,0.964,en,1921-02-01,58,6.0,2
339,The New Life of Paul Sneijder,0,0,Drama,"Canada, France","Caramel Films, Cine Nomine",False,2.202,fr,2016-06-08,114,6.1,33
340,The Summer of All My Parents,0,0,"Drama, Comedy",France,Diaphana Films,False,3.382,fr,2016-07-13,97,5.0,40
341,In the Forests of Siberia,3500000,1492523,"Drama, Adventure",France,Nord-Ouest Films,False,3.136,fr,2016-06-15,105,7.2,57
342,Dead Art,0,0,,,,False,0.6,en,,30,0.0,0
343,Agent 5: A Night in the Last Life of,0,0,,,,False,0.629,en,2008-06-13,77,0.0,0
344,Isolation,0,0,Horror,Germany,Grindhouse Films,False,0.6,fr,2015-03-31,,0.0,0
345,KillCam: Live,0,0,Horror,,,False,0.846,en,2012-10-31,,0.0,0
346,Canción de barrio,0,0,"Music, Documentary",Cuba,"Instituto Cubano del Arte e Industrias Cinematográficos, Ojala Productions, Producciones Canek",False,0.921,es,2014-08-28,80,10.0,1
347,Suburbicon,25000000,5775178,"Thriller, Crime, Drama, Mystery","United Kingdom, United States of America","Huahua Media, Dark Castle Entertainment, Silver Pictures, Black Bear Pictures, Smoke House Pictures",False,12.59,en,2017-10-26,104,5.8,901
348,Amanti Diverse,0,0,,,,True,0.6,en,2001-04-30,103,10.0,1
349,Tupperware!,0,0,"History, Documentary",,,False,0.6,en,1994-02-09,,0.0,0
350,La Laguna,0,0,Documentary,,,False,0.604,en,2016-04-29,40,0.0,0
351,Fully Charged,0,0,,,,False,0.6,en,2015-01-01,66,0.0,0
352,The mystery of the chronovisor,5000,0,"Adventure, Mystery, Thriller",Italy,,False,1.4,en,2008-03-12,25,10.0,1
353,David O. McKay: The Modern Prophets,0,0,"Documentary, Family, History",United States of America,"Trek West, Inc.",False,0.6,en,2002-09-01,89,0.0,0
354,Joseph Fielding Smith: The Modern Prophets,0,0,"Documentary, Family, History",United States of America,"Trek West, Inc.",False,0.666,en,2003-10-01,60,0.0,0
355,El hijo de Ángela María,0,0,Drama,"Mexico, Puerto Rico","Creative Films, Cineproducciones Internacionales S.A.",False,0.6,es,1974-05-12,,0.0,0
356,Vaporwave: A Brief History,0,0,Documentary,Canada,,False,0.85,en,2015-06-10,23,0.0,0
357,I Do... Until I Don't,0,280668,Comedy,United States of America,"Cold Iron Pictures, Ways & Means",False,5.053,en,2017-09-01,103,4.8,21
358,Easy Life,0,0,"Action, Comedy, Romance",China,,False,1.133,zh,2016-03-25,92,7.0,1
359,Cowboy Canteen,0,0,"Music, War, Western",United States of America,Columbia Pictures,False,1.183,en,1944-02-09,72,0.0,0
360,Renegades of the West,0,0,Western,United States of America,RKO Radio Pictures,False,0.655,en,1932-11-25,55,4.0,1
361,City 40,0,0,"Documentary, History, War","Russia, United States of America",D.I.G. Films,False,1.997,en,2016-04-28,89,6.6,22
362,The Last Teammate,0,0,Documentary,United Kingdom,Sky TV,False,0.6,en,2014-04-26,44,0.0,0
363,YIELD,0,0,,,,False,1.176,en,2013-04-30,2,0.0,0
364,Golden Years,0,0,"Crime, Comedy",United Kingdom,,False,4.375,en,2016-04-29,96,6.3,16
365,Flat 6,70,0,Horror,United Kingdom,,False,1.342,en,2004-10-30,8,0.0,0
366,The Irrational Fear of Nothing,0,0,Drama,United States of America,Olympus Pictures,False,1.104,en,2016-04-30,7,0.0,0
367,Cat Sitter,0,0,,,,False,0.6,en,2001-04-30,120,0.0,0
368,The Small Hours,0,0,Drama,United States of America,Bell Film Exchange,False,0.6,en,1962-08-13,93,0.0,0
369,Anpanman to Hajimeyou! Iro Kazu Katachi,0,0,Animation,Japan,"VAP, Shogakukan",False,0.6,ja,2004-10-21,25,0.0,0
370,Anpanman to Hajimeyou! Tanoshiku Tabeyou,0,0,Animation,Japan,Shogakukan,False,0.928,ja,2005-07-21,25,0.0,0
371,Calming Signals: What Your Dog Tells You,0,0,Documentary,,,False,0.6,en,2005-07-01,48,0.0,0
372,The Writers,0,0,Comedy,Australia,,False,0.843,en,2008-10-30,18,0.0,0
373,The Dawn Of Victory,0,0,War,Greece,Karagiannis-Karatzopoulos,False,0.654,el,1971-09-19,,0.0,0
374,Original Schtick,0,0,,,,False,0.6,en,1999-09-30,55,0.0,0
375,Stone Forever,0,0,,,,False,0.6,en,1999-12-11,63,5.0,1
376,Whiteys Like Us,0,0,,,,False,0.6,en,1999-08-01,52,0.0,0
377,George Eastman Greeting SMPE,0,0,,,,False,0.6,en,1930-01-01,1,0.0,0
378,The Woman Who Saw The Bear,0,0,Documentary,Canada,,False,0.6,fr,2016-04-30,18,0.0,0
379,Real Boy,0,0,Documentary,United States of America,,False,0.96,en,2016-03-21,72,7.7,3
380,Akashvani,0,0,"Comedy, Drama, Family",India,,False,0.715,ml,2016-02-19,113,7.0,1
381,The Good News Parcel Company,0,0,"Comedy, Family",Australia,,False,0.6,en,2009-05-01,60,8.0,1
382,Swinger,0,0,,,,False,0.663,en,1995-05-17,4,8.0,1
383,The Road to Armageddon: A Spiritual Documentary,0,0,,,,False,0.6,en,,72,0.0,0
384,Margo,0,0,,,,False,0.6,en,2016-04-30,,0.0,0
385,A Mão do Homem,0,0,Documentary,Brazil,,False,0.626,pt,1970-01-01,18,0.0,0
386,A Erva Bruxa,0,0,,,,False,0.804,pt,1970-01-01,21,0.0,0
387,Tiger Theory,0,0,"Comedy, Drama","Czech Republic, Slovakia","Logline Production, Česká televize, RWE, RTVS",False,1.373,cs,2016-03-31,107,7.2,5
388,J,2500,0,"Crime, Mystery, Thriller",Italy,,False,0.84,en,2009-07-16,12,9.0,1
389,Vol'ga and Sultanov's wife,0,0,Animation,Russia,Berg Sound,False,0.6,ru,2010-12-16,,6.0,1
390,Luce nell'ombra,3000,0,"Drama, Crime",Italy,,False,0.625,en,2006-06-12,15,10.0,1
391,Le solitaire,0,0,,"Germany, France",Caro Film GmbH,False,1.4,fr,1973-10-24,,0.0,0
392,Digging to China,0,0,Animation,United States of America,,False,0.6,en,1977-05-01,1,0.0,0
393,Map Projections,0,0,Animation,United States of America,,False,0.84,en,1977-05-01,1,0.0,0
394,Perspectives,0,0,Animation,United States of America,Infinity Factory,False,1.09,en,1977-05-01,1,0.0,0
395,Shorelines,0,0,Animation,United States of America,,False,0.84,en,1977-05-01,4,0.0,0
396,Niels Bohr,0,0,,,,False,0.6,en,2013-01-01,41,0.0,0
397,Escape from DS3,0,0,"Science Fiction, Crime",,,False,0.851,en,1981-06-12,90,0.0,0
398,The Crown of Lies,0,0,"Drama, Romance",United States of America,Famous Players-Lasky Corporation,False,0.6,en,1926-03-27,50,0.0,0
399,Good and Naughty,0,0,"Comedy, Romance",United States of America,Paramount,False,0.627,en,1926-06-07,60,0.0,0
400,Riding High,0,0,,United Kingdom,George King Productions,False,1.341,en,1939-12-04,69,0.0,0
401,Your Husband is My Lover,0,0,"Comedy, Drama",Philippines,Crown Seven Film Productions,False,0.6,tl,1975-03-28,110,0.0,0
402,Happy Together,0,0,"Romance, Drama",,,False,0.831,ko,2008-03-27,101,0.0,0
403,Tisoy!,0,0,Comedy,Philippines,NV Productions,False,0.914,tl,1977-04-30,100,0.0,0
404,Black Diamonds,0,0,Drama,United Kingdom,Hamper Productions,False,0.6,en,1932-01-01,53,0.0,0
405,Kenneth Anger - Magier des Untergrundfilms,0,0,"TV Movie, Documentary",Germany,Westdeutscher Rundfunk,False,0.6,de,1970-04-29,50,0.0,0
406,Magicians: Life in the Impossible,0,0,Documentary,,,False,2.391,en,2016-04-30,85,6.3,16
407,Her Name Was,0,0,,,,False,0.602,en,2015-10-22,6,0.0,0
408,Hitler's Death Army,0,0,Documentary,Germany,National Geographic,False,0.6,de,2015-01-01,87,0.0,0
409,Moutons,0,0,"Animation, Family",France,Supinfocom,False,0.6,fr,2006-01-01,,0.0,0
410,"Very Painful, Brother Eddie",0,0,Drama,Philippines,Special People Productions,False,0.6,tl,1986-03-20,111,0.0,0
411,Pings,0,0,"Animation, Family",France,Ex Machina Film Partners,False,0.841,fr,1997-10-03,2,0.0,0
412,Efren's Paradise,0,0,Drama,Philippines,Good Harvest Productions,False,0.6,tl,1999-09-06,100,0.0,0
413,Land Bilong Islanders,0,0,,,,False,0.6,en,1989-05-01,52,0.0,0
414,The Visitor,0,0,"Romance, Drama, Mystery",Australia,Jour de Sete Films,False,0.697,en,2003-02-18,30,5.0,2
415,Aeroplane Dance,0,0,,,,False,0.6,en,1994-07-28,60,0.0,0
416,Sugar Slaves,0,0,,,,False,0.841,en,1995-06-01,57,0.0,0
417,Keen as Mustard,0,0,,,,False,0.914,en,1989-08-01,47,0.0,0
418,The Diplomat,0,0,,,,False,0.655,en,2000-08-17,52,0.0,0
419,The Woman on Trial,0,0,Drama,United States of America,Paramount Famous Lasky Corporation,False,0.627,en,1927-10-28,60,0.0,0
420,Stolen Generations,0,0,,,,False,0.841,en,2000-08-29,52,0.0,0
421,Crocodile Dreaming,0,0,,,,False,0.878,en,2007-01-01,25,0.0,0
422,The Cowboy from Sundown,0,0,,,,False,1.416,en,1940-09-05,54,0.0,0
423,One More Shot,0,0,Action,South Africa,,False,0.6,en,1984-10-08,61,0.0,0
424,Les Chevaliers Du Fiel - Otake !,0,0,"Family, Comedy",France,D8,False,0.691,fr,2016-05-01,,8.0,1
425,The Secret Hour,0,0,"Drama, Romance",United States of America,Paramount Famous Lasky Corporation,False,0.6,en,1928-02-04,80,0.0,0
426,William Wegman: Video Work 1970-1999,0,0,,,,False,0.6,en,2006-03-09,236,0.0,0
427,Beware Tiger,0,0,Action,,,False,0.6,zu,1990-03-21,66,0.0,0
428,A Documentary,0,0,Documentary,Canada,,False,0.6,en,1979-01-01,8,0.0,0
429,You Take Care Now,0,0,Drama,Canada,,False,1.4,en,1989-01-01,11,8.0,1
430,Uno+uno,0,0,Documentary,Spain,Lo Vamos Viendo Producciones,False,0.63,en,2015-03-10,3,7.0,1
431,Cyan Eye,0,0,Horror,United States of America,Cyan Eye Productions,False,1.4,en,2014-12-31,6,0.0,0
432,Vortex,0,0,Documentary,,,False,0.6,en,2014-05-16,5,0.0,0
433,Trapped in Tia Juana,0,0,,,,False,0.6,en,1932-08-14,60,0.0,0
434,The Box,0,0,,United States of America,,False,0.6,en,2014-04-11,5,0.0,0
435,Al compás de un sentimiento: la música de Pedro Flores,0,0,Music,Puerto Rico,"Banco Popular, Inc.",False,0.841,es,1996-12-08,116,0.0,0
436,I Saw Jesus in a Tortilla,0,0,,,,False,0.6,en,1982-04-09,4,0.0,0
437,One Breath: The Story of William Trubridge,0,0,,United States of America,Baraka Productions,False,0.6,en,2012-06-14,11,0.0,0
438,A Break Alone,0,0,,South Korea,,False,0.6,ko,2016-09-22,95,0.0,0
439,Dandelion Wine,0,0,,,,False,0.6,en,,4,0.0,0
440,Música en tiempos,0,0,Music,Puerto Rico,"Filmes Zapatero, Banco Popular, Inc.",False,0.6,es,2013-12-01,59,0.0,0
441,The Snake Prince,0,0,"Action, Fantasy, Horror",Hong Kong,Shaw Brothers,False,1.609,zh,1976-07-31,90,0.0,0
442,Keisha Grey Is Titwoman,0,0,,United States of America,Elegant Angel,True,0.6,en,2016-02-01,120,0.0,0
443,Golden Globe - Oman,0,0,Documentary,,,False,0.6,de,2010-08-20,,0.0,0
444,Cuties 9,0,0,,United States of America,Elegant Angel,True,0.6,en,2016-03-09,134,1.0,1
445,Hecho con sabor a Puerto Rico,0,0,Music,Puerto Rico,"Banco Popular, Inc., Filmes Zapatero",False,0.6,es,2012-12-02,59,0.0,0
446,Texas Hoedown,0,0,,United States of America,Elegant Angel,True,0.6,en,2016-04-03,121,0.0,0
447,Pleasures Of A Woman,0,0,,,,False,0.6,en,2002-01-01,36,0.0,0
448,Jak básníci čekají na zázrak,0,0,Comedy,Czech Republic,Bio Illusion,False,1.4,cs,2016-04-14,,0.0,0
449,Hard Reign,0,0,,United States of America,Elegant Angel,True,0.6,en,2016-03-26,120,0.0,0
450,Qué lindo es Puerto Rico,0,0,Music,Puerto Rico,"Banco Popular, Inc.",False,1.099,es,2014-12-07,58,0.0,0
451,She Walks,0,0,,France,Folamour Productions,False,1.716,fr,2016-02-03,77,6.7,3
452,Un pueblo que canta,0,0,Music,Puerto Rico,"Banco Popular, Inc.",False,0.6,es,1993-12-03,90,0.0,0
453,Mickey´s Summer Madness,0,0,Animation,,,False,0.6,en,2006-09-06,,0.0,0
454,El espíritu de un pueblo,0,0,Music,Puerto Rico,"Zaga Film, Banco Popular, Inc.",False,1.4,es,1994-12-04,120,0.0,0
455,Trails of the Wild,0,0,,,,False,0.879,en,1935-07-31,61,0.0,0
456,Mickey Mouse Clubhouse: Mickey's Monster Musical,0,0,"Animation, Family",United States of America,Walt Disney Productions,False,0.6,en,2015-10-09,44,10.0,1
457,Ocho Puertas,0,0,Music,Puerto Rico,"Ninguna Ciencia Inc., Banco Popular, Inc.",False,0.6,es,2003-12-07,90,0.0,0
458,Aidra Fox is Slutwoman,0,0,,United States of America,Elegant Angel,True,0.6,en,2015-12-08,159,0.0,0
459,Il terrore dei mantelli rossi,0,0,"History, Adventure","Spain, Italy, France","Radius Productions, Hispamer Films, Pamec Cinematografica",False,0.6,it,1963-08-11,,0.0,0
460,Footnotes,0,0,"Music, Comedy",France,Loin Derrière L'Oural,False,1.4,fr,2016-07-06,90,6.6,5
461,Le Mur ou la psychanalyse à l'épreuve de l'autisme,0,0,,France,,False,0.6,fr,,,0.0,0
462,Love Me Do,0,0,Drama,Greece,Hellenic Radio & Television (ERT),False,1.122,el,2003-02-06,100,3.0,1
463,Die Vampirprinzessin,0,0,Documentary,"France, Austria, Germany","ARTE, Österreichischer Rundfunk",False,0.6,de,2007-10-28,52,0.0,0
464,Die Diebin,0,0,,,,False,1.183,de,1999-12-30,,0.0,0
465,A Great Love,0,0,"Drama, Romance",Greece,Finos Film,False,0.621,el,1964-04-20,105,6.0,1
466,Okinawa,0,0,"War, Action, Drama",United States of America,Columbia Pictures,False,1.127,en,1952-02-28,67,0.0,0
467,Aida's Secrets,0,0,Documentary,"Canada, Israel",,False,0.6,en,2016-05-03,95,0.0,0
468,Pride The Best Vol.1,0,0,,,,False,0.6,en,2002-02-22,,0.0,0
469,F.Hilaire,225000,0,Drama,Thailand,Fivestar Movies,False,1.212,th,2015-03-09,103,8.0,2
470,Battle Stations,0,0,"War, Drama",United States of America,Columbia Pictures,False,0.671,en,1956-02-01,81,7.0,1
471,Broken Hallelujah,0,0,Drama,New Zealand,Little Red Hen,False,0.633,en,2014-02-06,135,5.0,1
472,The Artamonov Case,0,0,Drama,"Russia, Soviet Union",Mosfilm,False,0.673,ru,1941-01-01,94,6.0,1
473,Christmas with Chanticleer - An Orchestra of Voices,0,0,Music,United States of America,,False,0.6,en,2003-11-25,77,0.0,0
474,Anyone for Tennis?,0,0,"Animation, Comedy",Sweden,,False,0.806,sv,2011-01-29,9,0.0,0
475,13 Related Sewing Machines,0,0,Documentary,,,False,0.6,sv,2011-03-04,6,0.0,0
476,The Great Maiden's Blush,0,0,Drama,New Zealand,Torchlight Productions,False,0.84,en,,108,7.0,1
477,VRP,0,0,,,,False,0.855,en,2016-05-02,8,0.0,0
478,Phantom Goblin,0,0,,Japan,"Toei Company, Ltd.",False,0.6,ja,1962-08-12,90,0.0,0
479,André Rieu - Royal Dreams,0,0,Music,,Mega Media Films,False,0.6,nl,2008-11-11,,0.0,0
480,決闘不動坂の大仇討,0,0,,Japan,Shintoho Company,False,0.6,ja,1959-03-14,85,0.0,0
481,Marillion Unconventional,0,0,Documentary,United Kingdom,Toward Infinity,False,1.352,en,2015-12-01,98,0.0,0
482,National Theatre Live: Hamlet,0,0,"Drama, Romance",United Kingdom,,False,3.085,en,2015-10-15,217,7.6,34
483,Melody Gardot: Live at the Olympia Paris,0,0,Music,United States of America,Eagle Rock Entertainment,False,1.4,en,2016-05-06,102,0.0,0
484,Небо со мной,0,0,Drama,"Russia, Soviet Union",Mosfilm,False,0.6,ru,1974-06-06,,7.0,2
485,The Amazed Spectator,0,0,Documentary,,,False,1.103,en,2016-01-29,70,0.0,0
486,Kai,0,0,,,,False,0.846,ta,2012-11-23,,0.0,0
487,Härifrån till Kim,0,0,"Romance, Drama",,,False,0.6,sv,1993-08-20,104,0.0,0
488,Romance & Adventure,0,0,,,,False,1.346,en,2013-01-11,23,0.0,0
489,Seattle Road,0,0,"Drama, Romance",,,False,0.929,en,2016-06-24,85,1.0,1
490,Breath,0,0,,Poland,,False,0.6,en,1981-01-01,16,0.0,0
491,Adaptacja,0,0,,Poland,,False,0.6,en,1981-05-05,16,0.0,0
492,Koochie Koochie Hota Hai,0,0,,,,False,1.299,en,,,0.0,0
493,The Other Side,0,0,,Poland,,False,0.6,en,1980-05-05,12,0.0,0
494,Sequestro di Persona 2,0,0,,Italy,Mario Salieri Entertainment Group,True,0.881,en,1996-03-26,73,8.0,1
495,Day After Day,0,0,,Poland,,False,0.6,en,1980-05-05,15,0.0,0
496,The Little Hero,0,0,Family,Japan,"Daiei Motion Picture Co., Ltd.",False,0.914,ja,1970-09-23,89,0.0,0
497,Image and Games,0,0,,Poland,,False,0.6,en,1981-05-05,14,0.0,0
498,Permanent Position,0,0,,Poland,,False,0.6,en,1979-05-05,10,0.0,0
499,Grain,0,0,,Poland,,False,0.6,en,1980-05-05,11,0.0,0
500,容祖兒李克勤演唱會Live 2015,0,0,Music,,,False,0.6,cn,2015-12-24,,0.0,0
501,Diamond Island,0,0,Drama,"Germany, Cambodia, France",Aurora Films,False,2.183,fr,2016-12-28,101,7.7,12
502,Unwind,0,0,Science Fiction,United States of America,Mainstay Productions,False,1.21,en,2012-04-22,,8.0,2
503,The Class of the Sewage Canal,0,0,Drama,Japan,,False,0.6,ja,1972-12-19,105,0.0,0
504,Chinese Legend of Zelda,0,0,"Action, Adventure, Comedy, Crime, Drama, Fantasy",United States of America,Dayside Productions,False,0.605,en,2016-05-05,7,0.0,0
505,Pensión de artistas,0,0,,,,False,0.841,en,1956-08-24,100,0.0,0
506,High Risk,0,0,,,,False,0.6,en,1993-05-05,83,0.0,0
507,The New Class of the Sewage Canal,0,0,Family,Japan,Nikkatsu Children's Films Inc.,False,0.676,ja,1976-03-13,113,0.0,0
508,The Bowler,0,0,Documentary,United States of America,Very Ape Productions,False,0.874,en,2010-01-01,14,6.0,1
509,Grand Prixxx,0,0,,United States of America,,True,0.6,en,1987-03-26,98,6.0,1
510,Cinemawala,0,0,"Family, Drama",,,False,0.724,bn,2016-05-13,,7.5,4
511,Gantz:O,0,2238600,"Science Fiction, Action, Animation",Japan,"Digital Frontier, Toho Company, Ltd.",False,7.23,ja,2016-10-14,95,7.0,220
512,Golden Vanity,0,0,"Comedy, Drama",United States of America,Occasional Ghosts,False,1.71,en,,83,0.0,0
513,Get In The Way: The Journey of John Lewis,0,0,Documentary,United States of America,,False,0.862,en,2017-06-25,60,0.0,0
514,Sleepless Moon,0,0,,Italy,Ely Cinematografica,False,0.99,it,1988-05-19,86,3.5,1
515,So You Want to Be a Salesman,0,0,Comedy,United States of America,Richard L. Bare Productions,False,0.912,en,1947-09-13,10,5.0,1
516,Intimacy,0,0,Drama,Italy,"Real Film S.r.l., Roma",False,1.052,it,1988-02-11,87,7.5,3
517,Torpedo Bay,0,0,War,"France, Italy","Galatea Film, Panoramas-Films",False,0.92,it,1963-09-21,99,0.0,0
518,L'Oiseau de la Nuit,0,0,,,,False,0.603,en,2016-02-16,18,0.0,0
519,The Battle of Sinai,0,0,War,"Israel, Italy","Faga Film of Tel-Aviv, Atlantis Film, Italcine",False,0.673,he,1968-01-01,97,4.0,1
520,The Wings of War,0,0,War,Italy,,False,0.987,it,1969-01-01,85,3.0,1
521,Thunder from the West,0,0,War,"Italy, Slovenia","Prodi Cinematografica, Paris Etolie Films, Triglav Film",False,0.659,it,1969-07-10,92,0.0,0
522,Rangers Attack at Hour X,0,0,War,Italy,,False,0.7,it,1970-02-26,,4.0,1
523,The Long Shadow of the Wolf,0,0,War,Italy,,False,0.84,en,1971-02-04,108,0.0,0
524,Raiders of Losing Treasure,0,0,Action,,,False,1.09,en,1992-01-01,89,0.0,0
525,Wild and Wonderful,0,0,"Comedy, Romance",United States of America,Universal Pictures,False,0.997,en,1964-06-09,88,6.5,2
526,Jonathan Ross Presents for One Week Only: Aki Kaurismaki,0,0,,United Kingdom,,False,0.6,en,1990-01-01,,0.0,0
527,Wara Wara,0,0,"Drama, Romance",Bolivia,Urania Film,False,1.4,ay,1930-01-01,69,5.0,1
528,Cinta Tapi Beda,0,0,,Indonesia,,False,0.6,id,2012-12-27,96,2.5,1
529,First Love,0,0,,South Korea,,False,0.6,ko,2006-09-01,,0.0,0
530,A Dívida da Vida,0,0,Documentary,Brazil,,False,0.84,pt,1992-05-06,,0.0,0
531,Alien Attack,0,0,Science Fiction,Nigeria,"Jeta Amata Concepts, Chimatex Int. LTD",False,0.914,en,,76,0.0,0
532,Galahad,0,0,"Action, Adventure, Documentary",,,False,0.6,en,,46,0.0,0
533,این سیب هم برای تو,0,0,Drama,Iran,Hedayat Film,False,0.6,fa,2015-11-18,,0.0,0
534,Raising the Bar,600000,0,Family,Australia,Full Twisting Double Back,False,5.722,en,2016-05-02,93,6.4,80
535,Memórias do Meu Tio,0,0,Adventure,Brazil,O Quadro,False,0.6,en,2011-05-06,14,0.0,0
536,Starlings,0,0,,United Kingdom,BBC,False,0.84,en,,90,0.0,0
537,Ali Wong: Baby Cobra,0,0,Comedy,United States of America,New Wave Entertainment,False,5.398,en,2016-05-06,60,7.5,79
538,A Vida ao Lado,0,0,,Brazil,"Dharma Filmes, 400 Filmes",False,0.916,en,2006-05-06,13,0.0,0
539,Underage,0,0,Documentary,United Kingdom,,False,1.09,en,1982-01-01,58,0.0,0
540,Les Violette,0,0,,France,Shadows films,False,1.4,fr,2009-01-28,,0.0,0
541,The Mad Phoenix,0,0,Drama,Hong Kong,,False,0.6,cn,1997-05-15,,8.0,1
542,Looking for Mushrooms,0,0,,United States of America,,False,0.6,en,1996-01-01,15,7.3,3
543,The Black Belt,0,0,Documentary,United States of America,Field of Vision,False,0.603,en,2016-03-12,10,0.0,0
544,Eddie Bravo Invitational 6,0,0,"Action, Documentary",United States of America,"Eddie Bravo Invitational, Ayahuasca LLC, Zuffa",False,0.604,en,2016-04-24,211,0.0,0
545,Cheer Up,0,0,Documentary,"Canada, Finland",,False,0.605,fi,2016-05-01,86,0.0,0
546,Brun bitter,0,0,,,,False,0.84,no,1988-01-02,,0.0,0
547,Bungaeman,0,0,,South Korea,Korea Educational Broadcasting System (EBS),False,0.6,ko,2016-02-11,72,0.0,0
548,Tartuffe ou l'Imposteur,0,0,Comedy,France,,False,0.99,fr,1980-09-24,,0.0,0
549,"Benny Hill, The Lost Years - Bennies from Heaven",0,0,Comedy,,"Warner, BBC",False,1.091,en,2000-07-19,65,0.0,0
550,"Benny Hill, The Lost Years - Benny and the Jests",0,0,Comedy,,"Warner, BBC",False,0.627,en,2000-07-19,71,0.0,0
551,"Benny Hill, The Lost Years - The Good, the Bawd and the Benny",0,0,Comedy,,"Warner, BBC",False,0.841,en,2000-07-19,62,0.0,0
552,Дело пёстрых,0,0,Mystery,Russia,Mosfilm,False,0.621,ru,1958-04-21,,5.0,1
553,When the tide is out,0,0,Animation,,,False,0.6,en,2011-05-06,5,0.0,0
554,Pandrogeny manifesto,0,0,Documentary,,,False,0.6,en,2006-10-12,12,0.0,0
555,"Carl G. Johansson, porträtt av en vagabond",0,0,Documentary,,,False,0.6,sv,1993-03-19,60,0.0,0
556,Normal,0,0,,,,False,0.847,en,2013-10-26,,0.0,0
557,Convulsion Expulsion,0,0,,United States of America,Alshaibi,False,0.6,en,2004-01-01,6,2.0,1
558,The Silent Call,0,0,"Drama, Adventure",United States of America,Associated Producers (API),False,0.665,en,1961-05-10,63,0.0,0
559,Chateaubriand's Last Love,0,0,Drama,France,Pathfinder Pictures,False,0.6,zu,2008-01-01,90,0.0,0
560,Windmill II,0,0,,,,False,0.6,en,1973-05-05,9,0.0,0
561,Desire,0,0,Drama,Italy,"Flora Film, Variety Film Production",False,0.718,en,1990-08-06,94,4.8,3
562,Puppet Master: The Littlest Reich,0,0,"Horror, Comedy","United Kingdom, United States of America","Zero Trans Fat Productions, Cinestate, Flexibon Films, The Fyzz Facility",False,7.413,en,2018-08-17,90,5.7,51
563,The Enchantress,0,0,,United States of America,Vivid Entertainment,True,0.873,en,1991-01-01,84,5.0,1
564,The One to One Concert,0,0,Music,United States of America,Joko Productions,False,0.6,en,1972-12-15,54,0.0,0
565,Rabin in His Own Words,0,0,Documentary,,,False,0.6,en,2016-05-06,110,0.0,0
566,Tina Turner: Nice 'n' Rough,0,0,Music,,,False,0.6,de,1982-12-28,,0.0,0
567,Tesoro,0,0,Adventure,"Panama, Cuba, Puerto Rico, Venezuela","Taleski Studios Inc., Instituto Cubano del Arte e Industrias Cinematográficos",False,0.84,es,1987-01-02,106,0.0,0
568,Ed Sheeran: Live in Dublin,0,0,Music,,,False,1.348,de,2014-05-05,,0.0,0
569,LEGO DC Comics Super Heroes: Justice League - Gotham City Breakout,0,0,"Family, Adventure, Animation, Action",United States of America,Warner Bros. Animation,False,5.627,en,2016-06-21,78,7.4,39
570,Romance in Puerto Rico,0,0,"Music, Romance","Mexico, Puerto Rico","Puerto Rico Films, Pereda Films",False,0.6,es,1962-11-21,86,0.0,0
571,Una pasión llamada Clara Lair,0,0,Documentary,Puerto Rico,"Sociedad para el Estímulo y Desarrollo de la Cultura Puertorriqueña (SEDCP), Inc.",False,1.341,es,1996-01-02,53,0.0,0
572,Girl Power,0,0,"Drama, Comedy",,,False,0.838,en,2014-08-09,20,0.0,0
573,"Story of Second Class Private, Sequel",0,0,Comedy,Japan,"Shochiku Co., Ltd.",False,0.6,ja,1956-03-18,95,0.0,0
574,Margarita and the Wolf,0,0,Drama,,,False,0.651,en,1969-07-08,45,2.0,2
575,The Dude Cowboy,0,0,Western,United States of America,Independent Pictures (I),False,0.877,en,1926-10-30,51,0.0,0
576,続二等兵物語　決戦体制の巻,0,0,Comedy,Japan,"Shochiku Co., Ltd.",False,0.6,ja,1957-03-26,128,0.0,0
577,Santa Fe Rides,0,0,"Western, Music, Romance",United States of America,Reliable Pictures Corporation (I),False,0.6,en,1937-02-25,58,0.0,0
578,Teenland,0,0,"Drama, Fantasy",Denmark,,False,1.177,da,2015-03-14,30,0.0,0
579,二等兵物語　死んだら神様の巻,0,0,Comedy,Japan,"Shochiku Co., Ltd.",False,0.6,ja,1958-04-20,89,0.0,0
580,二等兵物語　あゝ戦友の巻,0,0,Comedy,Japan,"Shochiku Co., Ltd.",False,0.6,ja,1958-12-28,89,0.0,0
581,二等兵物語　万事要領の巻,0,0,Comedy,Japan,"Shochiku Co., Ltd.",False,0.6,ja,1959-04-19,93,0.0,0
582,Intimate Obsession,0,0,"Romance, Thriller",United States of America,Cinema Products Video,False,0.988,en,1992-01-01,91,4.5,2
583,Malcriados,0,0,Comedy,Colombia,"Cinecolor, Dynamo, Fast Producciones, Patagonik",False,2.024,es,2016-04-01,,5.9,12
584,Pfc. Story - The Divine Tempest,0,0,Comedy,Japan,"Shochiku Co., Ltd.",False,0.6,ja,1959-10-09,90,0.0,0
585,新二等兵物語　敵中横断の巻,0,0,Comedy,Japan,"Shochiku Co., Ltd.",False,0.805,ja,1960-04-01,92,0.0,0
586,Pussy,0,0,Drama,,,False,0.6,da,2015-03-02,17,0.0,0
587,Student Nurses,0,0,,United States of America,,True,0.6,en,1992-01-01,75,4.0,1
588,新二等兵物語　めでたく凱旋の巻,0,0,Comedy,Japan,"Shochiku Co., Ltd.",False,0.6,ja,1961-01-15,82,0.0,0
589,続二等兵物語　南方孤島の巻,0,0,Comedy,Japan,"Shochiku Co., Ltd.",False,0.6,ja,1956-07-13,105,0.0,0
590,Melon Rainbow,0,0,Drama,,,False,2.786,da,2016-01-28,28,5.0,1
591,Flying Nansen,0,0,,,,False,1.165,it,2000-05-07,11,6.5,2
592,Radio Raps: Life 201,0,0,Comedy,South Africa,MediaFarm,False,0.642,af,2016-04-18,71,9.0,1
593,Vanilla,0,0,Drama,,,False,0.84,da,2014-04-14,14,0.0,0
594,Lovestruck: The Housemate,0,0,Drama,France,"M6 Films, Taurus Film",True,1.242,fr,1993-04-17,78,5.5,2
595,Give Me the Sun,0,0,,,,False,1.104,ja,2016-05-06,120,0.0,0
596,O Caminho dos Heróis,0,0,"Documentary, War",Brazil,History Channel,False,0.6,pt,2014-07-31,,0.0,0
597,The Battle at Guningtou,0,0,,,,False,1.09,en,1979-05-06,77,0.0,0
598,The Labyrinth of Love,0,0,Drama,Italy,Variety Communications,True,0.6,it,1993-01-01,86,8.0,2
599,Primavera en el corazón,100,0,,,,False,0.655,en,1956-09-20,,0.0,0
600,Mujercitas,0,0,,,,False,0.881,en,1973-12-13,88,0.0,0
601,Manhunt in the Dakotas,0,0,"Thriller, Crime, Drama",,,False,0.736,en,1991-05-12,96,7.0,2
602,Mujeres sacrificadas,0,0,Drama,Mexico,Producciones Calderón S.A.,False,0.961,en,1951-05-06,94,0.0,0
603,Epilogue,0,0,Drama,Spain,,False,1.343,es,2008-12-06,7,0.0,0
604,ruler project,0,0,,,,False,0.6,en,,,0.0,0
605,Deep Down,0,0,Thriller,United States of America,Penn-Eden West Pictures Inc.,False,0.6,en,1994-03-26,85,5.5,1
606,"Case, Love, Gangs",0,0,,,,False,0.6,uk,2010-11-25,20,4.0,1
607,Molly's Game,30000000,59284015,"Crime, Drama","Canada, China, United States of America","The Mark Gordon Company, Entertainment One, STX Entertainment, Huayi Brothers Pictures, Pascal Pictures",False,12.625,en,2017-12-21,140,7.1,1775
608,Little Postman,0,0,,,,False,0.6,en,,3,8.0,1
609,Woman Walks Ahead,0,0,"Drama, History, Western",United States of America,"Black Bicycle Entertainment, Bedford Falls Productions, Potboiler Productions",False,7.342,en,2018-04-25,103,6.8,55
610,George and Tammy,0,0,,,,False,0.701,en,,,10.0,3
611,Psychotown,0,0,Animation,Australia,Dave Carter Show,False,0.6,en,2008-05-06,7,0.0,0
612,"Mr. Schwartz, Mr. Hazen & Mr. Horlocker",0,0,Animation,Germany,basement pictures,False,0.6,en,2006-05-06,8,6.0,2
613,Supreme,0,0,"Romance, Action, Comedy",India,Sri Venkateswara Creations,False,0.7,te,2016-05-05,142,3.0,2
614,Marina's Secret World,0,0,"Adventure, Drama, Family","Dominican Republic, Puerto Rico",Puerto Rico Film Corporation,False,1.4,es,2008-05-07,90,0.0,0
615,Love Sport Love Paintballing,0,0,Animation,United Kingdom,Studio AKA,False,0.6,en,2007-05-06,3,0.0,0
616,Barracuda,0,0,"Music, Thriller, Drama","Poland, United States of America","Orka, Small Drama, Blue Suitcase Productions",False,3.14,en,2017-06-10,100,7.0,8
617,Pugoy - Hostage Davao,0,0,"Action, Crime",,,False,0.6,en,1992-06-15,,0.0,0
618,The Big One,0,0,Documentary,United States of America,,False,0.6,en,,67,0.0,0
619,One Night Stand,0,0,"Drama, Romance",India,Swiss Entertainment,False,1.335,hi,2016-05-06,97,4.3,9
620,Garage Sale Mystery: The Novel Murders,0,0,"TV Movie, Mystery",,,False,2.406,en,2016-06-05,84,6.4,21
621,Детский мир,0,0,,Soviet Union,,False,0.6,ru,1982-03-21,,5.0,1
622,Wedding Bells,0,0,"TV Movie, Romance",United States of America,"Reunion Pictures, Hallmark Entertainment",False,2.109,en,2016-06-03,84,6.0,16
623,Stop the Wedding,0,0,"Drama, Romance, TV Movie",,,False,3.688,en,2016-06-11,84,6.2,15
624,The Convenient Groom,0,0,"TV Movie, Romance",Canada,,False,3.249,en,2016-06-18,84,6.1,12
625,The Wedding March,0,0,"Romance, TV Movie",,,False,1.949,en,2016-06-25,84,5.2,13
626,The Whispering,0,0,Horror,,,False,0.66,en,1995-06-03,88,3.5,2
627,DJ Quik Visualism - The Art of Sound Into Vision,0,0,"Documentary, Music",United States of America,Fortress Entertainment Group,False,0.883,en,2003-03-10,81,7.0,1
628,The Meyerowitz Stories (New and Selected),0,0,"Comedy, Drama",United States of America,"Gilded Halfwing, IAC Films, Netflix",False,9.987,en,2017-10-13,112,6.4,480
629,Eugénie Grandet,0,0,Drama,Russia,Mosfilm,False,0.6,ru,1960-05-25,101,4.3,2
630,The Biggest Fist,0,0,,,,False,0.6,en,1983-05-07,76,0.0,0
631,"Paris, entre rêves et arnaques",0,0,"TV Movie, Documentary",,,False,0.6,fr,2016-02-16,,0.0,0
632,No Ransom,0,0,"Crime, Comedy",United States of America,Liberty Pictures,False,0.6,en,1934-10-07,73,0.0,0
633,The Asian Connection,2000000,0,"Action, Crime","Thailand, United States of America","Kaos Entertainment, Parkside Pictures, Tadross Media Group",False,4.047,en,2016-05-13,91,4.1,28
634,The Mine with the Iron Door,0,0,"Mystery, Adventure, Romance",United States of America,"Columbia Pictures, Sol Lesser Productions",False,0.878,en,1936-05-06,64,0.0,0
635,Soy puro mexicano,0,0,,Mexico,,False,1.4,en,1942-11-13,91,0.0,0
636,Follies Girl,0,0,"Music, Comedy",United States of America,"William Rowland Productions, Producers Releasing Corporation (PRC)",False,1.091,en,1943-06-26,72,0.0,0
637,Muñecas peligrosas,0,0,Action,Mexico,"Películas Mundiales, Tv On Producciones",False,0.6,es,1969-03-13,75,5.0,2
638,"WWE: The Best of SmackDown - 10th Anniversary, 1999-2009",0,0,Documentary,,,False,0.6,en,2012-01-03,540,10.0,1
639,The Indelicate Balance,0,0,,Sweden,,False,1.46,en,1969-05-11,88,0.0,0
640,Le Voyage de Tom Pouce,0,0,,,,False,0.6,fr,,,0.0,0
641,Friday: About Cars,0,0,Documentary,Canada,National Film Board of Canada,False,0.62,en,1978-01-01,24,10.0,1
642,Say It With A Sign: Vol. 1,100,1,,,,False,0.6,en,2008-05-10,30,0.0,0
643,Cesar's Bark Canoe,0,0,Documentary,Canada,National Film Board of Canada,False,0.873,en,1971-01-01,57,10.0,1
644,Lost in White,0,0,,,,False,0.6,zh,2016-04-15,103,7.0,2
645,The Things I Cannot Change,0,0,Documentary,Canada,National Film Board of Canada,False,0.6,en,1967-01-01,55,10.0,1
646,Android Tutorial,1,1,,,,False,0.6,en,,1,0.0,0
647,Little Burgundy,0,0,Documentary,Canada,National Film Board of Canada,False,1.371,en,1968-01-01,43,10.0,1
648,The Magic Alphabet,0,0,,,,False,0.841,en,1942-05-11,11,0.0,0
649,The Incredible Stranger,0,0,Mystery,United States of America,Metro-Goldwyn-Mayer,False,1.201,en,1942-06-20,11,7.0,1
650,Sable Island,0,0,Documentary,Canada,National Film Board of Canada,False,0.6,en,1956-01-01,28,0.0,0
651,カックン超特急,0,0,Comedy,Japan,Fuji Eiga Company,False,0.6,ja,1959-01-15,65,0.0,0
652,The Inventor,0,0,,,,False,0.6,en,1911-05-11,13,5.0,1
653,Alice in Wonderland or What's a Nice Kid Like You Doing in a Place Like This?,0,0,"Fantasy, Music, Comedy, Animation, TV Movie",United States of America,Hanna-Barbera Productions,False,0.974,en,1966-03-30,60,4.0,2
654,私は嘘は申しません,0,0,Comedy,Japan,Shibata Production,False,0.6,ja,1961-04-05,81,0.0,0
655,EVOLVE 60,0,0,,United States of America,,False,0.642,en,2016-05-06,165,0.0,0
656,Refifí entre las mujeres,0,0,"Drama, Comedy, Crime",Mexico,Producciones Mier y Brooks,False,0.6,es,1958-05-10,64,4.5,2
657,EVOLVE 61,0,0,,United States of America,,False,0.668,en,2016-05-07,146,0.0,0
658,"Constant, an Artist of Our Time",0,0,,,,False,0.6,en,1965-05-11,10,0.0,0
659,Holiday in Japan,0,0,Comedy,Japan,Shintoho Company,False,0.6,ja,1958-06-15,103,0.0,0
660,My Dearest Son,0,0,,Italy,"Istituto Luce-Italnoleggio Cinematografico, Ager Cinematografica",False,1.4,it,1985-09-20,113,0.0,0
661,The Judge,0,0,Drama,"Macedonia, Germany",Makedonska Televizija,False,0.6,mk,2007-11-10,102,0.0,0
662,Kriterion sinds ’45,0,0,Documentary,Netherlands,JURA Film- en Theaterprodukties,False,1.352,nl,2015-11-05,71,0.0,0
663,The Proud Challenge,0,0,"Crime, Action",Japan,"Toei Company, Ltd.",False,0.6,ja,1962-03-28,89,6.0,1
664,My Candidate,0,0,"Comedy, Romance",Philippines,"Quantum Films, CMB Films",False,0.893,en,2016-05-11,,0.0,0
665,August Wilson: The Ground on Which I Stand,0,0,Documentary,,,False,1.363,en,2015-02-20,90,0.0,0
666,Frau Blechnudel will Kinoschauspielerin werden,0,0,,,,False,0.6,en,1915-05-11,11,0.0,0
667,Walt Disney Kostbarkeiten - Micky Maus im Glanz der Farbe 1935 - 1938,0,0,,,,False,0.6,de,2004-05-11,,10.0,2
668,Maklabas,0,0,Science Fiction,Macedonia,,False,0.713,en,1998-01-01,114,0.0,0
669,"Feo de día, lindo de noche",0,0,Comedy,Dominican Republic,Dominican Republic Production Services,False,0.84,es,2012-09-13,95,9.0,2
670,The Erotic Circus,0,0,"Thriller, Horror",United States of America,,False,0.676,en,1969-07-09,69,0.0,0
671,دوار كونيكسيون,0,0,,,,False,0.6,ar,2016-05-11,,0.0,0
672,Los reyes del volante,0,0,Comedy,Mexico,Producciones Zacarías S.A,False,0.6,en,1965-11-25,85,0.0,0
673,Dangerous duty,0,0,Action,,,False,0.976,en,1996-04-27,91,0.0,0
674,Peanuts and Bullets,0,0,,,,False,0.6,it,,,0.0,0
675,Adieu Berthe,0,0,Comedy,France,,False,0.877,fr,1970-03-21,,0.0,0
676,Submarine Ro Hasn't Surfaced,0,0,War,Japan,Shintoho Company,False,0.6,ja,1954-07-13,81,0.0,0
677,Aana Mayil Ottakam,0,0,"Comedy, Drama",India,,False,0.602,ml,2015-11-27,144,0.0,0
678,"Ink, Blood and Spirit",0,0,Documentary,Germany,Artax Film,False,0.747,sv,2014-05-11,,10.0,1
679,Clochemerle,0,0,,,,False,0.6,fr,1948-06-09,,5.0,1
680,"Fight, Blood and Spirit",0,0,Documentary,Sweden,Artax Film,False,0.6,sv,2015-06-03,,10.0,1
681,"Music, Blood and Spirit",0,0,Documentary,Sweden,Artax Film,False,0.6,sv,2016-04-29,,10.0,1
682,Muse - Psycho - Live @ Festival Vieilles Charrues 2015,0,0,Music,,,False,0.6,fr,2015-09-14,,0.0,0
683,The Foundation,0,0,"History, Documentary",,,False,0.6,en,2015-05-12,28,0.0,0
684,Alicia en el pais del dolar,0,0,Comedy,Mexico,Televicine S.A. de C.V.,False,0.654,es,1988-01-01,90,0.0,0
685,Je m'appelle Bernadette,0,0,Drama,France,"VAB, Zelig Films Distrubition, Massane Production, Arbos Films, Bernard Massas",False,1.138,en,2011-11-30,104,8.4,5
686,Second Wind,0,0,"Drama, Comedy",Canada,Olympic Films Ltd.,False,1.456,en,1976-04-08,93,0.0,0
687,Arnold Rides His Chair,0,0,"Animation, Comedy",,,False,0.727,en,1991-08-28,1,7.3,4
688,Welterfolge des Cartoon-Sex Vol. 1,0,0,,Germany,,False,0.6,de,1976-01-01,,0.0,0
689,Welterfolge des Cartoon-Sex Vol. 2,0,0,,,,False,0.621,de,1977-01-01,,0.0,0
690,Welterfolge des Cartoon-Sex Vol. 3,0,0,,,,False,0.6,de,1978-01-01,,0.0,0
691,Erotische Zeichentrickparade,0,0,,,,False,0.679,de,1975-01-01,,0.0,0
692,Arnold Escapes from Church,0,0,"Comedy, Animation",,,False,0.6,en,1988-10-13,2,7.0,1
693,Pantera: The Official 5 Live Pro 1992-2000,0,0,,,,False,0.841,en,2000-06-11,,0.0,0
694,The Parching Winds of Somalia,0,0,Documentary,Somalia,,False,0.6,en,1984-01-01,30,1.0,1
695,Sally's Beauty Spot,0,0,,"United States of America, Canada",,False,1.4,en,1990-01-01,13,0.0,0
696,Decide,0,0,,,,False,1.34,en,,20,0.0,0
697,The Arnold Waltz,0,0,"Comedy, Animation",,,False,0.6,en,1990-04-27,3,7.0,1
698,My Niagara,0,0,,Canada,,False,0.6,en,1992-09-12,40,0.0,0
699,"Stella, I love you",2500,0,Drama,Sweden,,False,0.6,sv,2012-12-24,,0.0,0
700,The Garden of Ikarus,0,0,,,,False,0.6,en,1999-05-11,5,0.0,0
701,Drinking Crude,0,0,,,,False,1.165,en,1997-01-01,84,0.0,0
702,Convinced,0,0,Documentary,United States of America,,False,0.84,en,,85,0.0,0
703,Golem: The Return,0,0,"Thriller, Science Fiction",Germany,"FXtogo, Central Cinema Company Film (CCC), CCC-Filmkunst, MZ-Film",False,1.4,de,,,0.0,0
704,The Beginning of Life,0,0,Documentary,Brazil,Maria Farinha Filmes,False,0.785,pt,2016-05-05,98,7.7,12
705,Hypocrisy: [2013] Graspop Metal Meeting,0,0,,,,False,0.6,en,2013-06-29,,0.0,0
706,The Haunting of New York Times Square November 2003,0,0,,,,False,0.6,en,2007-05-11,8,0.0,0
707,Kinderen Geen Bezwaar,0,0,,,,False,0.6,nl,,,6.8,2
708,"Gehenna, AB (1979-1989)",0,0,,,,False,0.6,en,2011-05-11,15,0.0,0
709,A tartótiszt,0,0,Documentary,Hungary,Filmira Bt,False,0.6,hu,2013-04-22,,0.0,0
710,Eliot & Me,0,0,,,,False,0.845,en,2011-12-20,60,0.0,0
711,Moments in a Matchbox,0,0,"Drama, Family",Bulgaria,Boyana Film,False,0.6,en,1979-02-05,86,0.0,0
712,The Boy Who Liked Deer,0,0,,United States of America,,False,0.65,en,1975-01-01,18,6.0,2
713,How to Eat Your Apple,0,0,Animation,United States of America,,False,0.6,en,2011-10-12,2,0.0,0
714,Fatal Inheritance,0,0,"Thriller, Action, Drama","United Kingdom, United States of America",Smart Egg Pictures,False,0.84,en,1991-10-01,87,0.0,0
715,"Jerry, the exorcist roommate",0,0,,,,False,0.6,en,2013-09-09,4,0.0,0
716,Water Path for a Fish,0,0,"Adventure, Animation","Colombia, France, Spain","Folimage, Digitzfilm, Tomavistas, S.L., Planet Nemo Animation",False,0.6,es,2015-04-14,7,4.5,2
717,A cut above,0,0,,,,False,1.092,en,2006-04-01,13,0.0,0
718,Fools of Fortune,0,0,"Romance, Drama",United Kingdom,"Working Title Films, Channel Four Films, PolyGram Filmed Entertainment",False,1.09,en,1990-06-20,109,0.0,0
719,Union Guys,0,0,,,,False,1.093,en,2007-03-29,9,0.0,0
720,Park,0,0,,,,False,1.091,en,1999-01-02,,0.0,0
721,November Afternoon,0,0,,,,False,0.622,en,1996-01-01,82,0.0,0
722,The Great Mystical Circus,0,0,Drama,"Brazil, France, Portugal","Luz Mágica Produções, Fado Filmes, Globo Filmes",False,2.366,pt,2018-11-15,105,3.2,15
723,Today the Hawk Takes One Chick,0,0,Documentary,"United States of America, Swaziland",,False,0.6,en,2008-02-01,72,0.0,0
724,MMXII,0,0,"Adventure, Drama",United States of America,Natural Wonders Productions,False,0.6,en,2016-11-11,108,0.0,3
725,"Opeth: [2011] Sydney, Australia",0,0,,,,False,0.6,en,2011-12-16,,0.0,0
726,"Cynic: [2015] Osaka, Japan",0,0,,,,False,0.6,en,2015-09-06,,0.0,0
727,Dad's Photo,0,0,Drama,Puerto Rico,"Resonancia, Producciones Oasis",False,0.6,es,2015-04-02,10,0.0,0
728,Romance of the Redwoods,0,0,"Romance, Action, Adventure",United States of America,Columbia Pictures,False,0.627,en,1939-03-29,61,0.0,0
729,Blinker-Ciko,0,0,"Adventure, Family",Czech Republic,Filmové Studio Barrandov,False,1.158,cs,1982-05-11,76,5.5,2
730,Cynic: [1994] Totally Focused,0,0,,,,False,0.6,en,1994-07-24,,0.0,0
731,The Great Moussa,0,0,Drama,Djibouti,,False,0.6,fr,1984-01-01,,0.0,0
732,"Pantera: [1998] Santiago, Chile",0,0,,,,False,1.341,en,1998-05-06,,0.0,0
733,Alpha and Omega: Dino Digs,0,0,Animation,United States of America,Crest Animation Production,False,2.434,en,2016-05-10,45,4.6,10
734,Millennium Stars,0,220000,"Comedy, Drama, Music, Romance",India,Kripa Films,False,0.6,ml,2000-01-01,138,4.5,2
735,Pantera: [1998] Sandblasting Sacramento,0,0,,,,False,0.6,en,1997-11-17,,0.0,0
736,Queensryche: [1992] MTV Unplugged,0,0,Music,,,False,1.164,en,1992-04-27,,0.0,0
737,La cita,0,0,Comedy,Puerto Rico,Producciones Cabeza,False,1.1,es,2015-03-19,13,0.0,0
738,Tuition for Dad,0,0,"TV Movie, Family, Drama",Germany,"Fernsehen der DDR, DEFA",False,1.15,en,1984-05-11,85,7.5,2
739,Gracious Curves,0,0,Documentary,Finland,Epidem,False,1.13,en,1997-03-28,52,7.0,1
740,Teenape Vs. The Monster Nazi Apocalypse,0,0,,,,False,0.879,en,2012-02-08,78,4.0,1
741,Modo Ave,0,0,,,,False,0.6,pt,2013-05-01,,0.0,0
742,The Devil's Woods,0,0,Horror,,Whitewashed Films,False,0.894,en,2015-10-24,73,2.0,1
743,スター毒殺事件,0,0,Crime,Japan,Shintoho Company,False,0.661,ja,1958-05-03,74,0.0,0
744,Kingorou no omawarisan,0,0,Comedy,Japan,Shintoho Company,False,0.6,ja,1956-08-05,85,0.0,0
745,On Holidays,0,0,"Adventure, Family",Albania,"Shqipëria e Re, Albfilm, Tirana",False,1.137,en,1982-06-11,44,0.0,0
746,無警察,0,0,Crime,Japan,Shintoho Company,False,0.6,ja,1959-04-17,85,0.0,0
747,Operation Oman,0,0,Documentary,,,False,0.6,en,2014-01-01,67,0.0,0
748,Addict,0,0,"Drama, Horror, Thriller",United Kingdom,Fraught Productions,False,0.877,en,2013-10-31,92,10.0,1
749,凸凹珍道中,0,0,Comedy,Japan,Shintoho Company,False,0.6,ja,1960-12-27,76,0.0,0
750,A General Has Been Taken Prisoner,0,0,"Adventure, Family",Albania,Shqipëria e Re,False,1.425,en,1980-01-19,52,0.0,0
751,Kick of Death,0,0,"Adventure, Action, Crime",United States of America,,False,1.341,en,1997-07-17,85,0.0,0
752,A House - Live on Stage,0,0,Music,,,False,0.6,en,1992-01-01,,0.0,0
753,Shima,0,0,,,,False,1.343,en,2007-06-27,83,0.0,0
754,Windscale: Britain's Biggest Nuclear Disaster,0,0,Documentary,United Kingdom,BBC,False,0.806,en,2007-10-08,87,0.0,0
755,"Snake Shadow, Lama Fist",0,0,Action,Hong Kong,San Yang Film Pro,False,0.84,zh,1979-05-18,69,0.0,0
756,There's No One Safer,0,0,Thriller,Sweden,,False,0.6,sv,1993-03-12,94,0.0,0
757,Duck Commander Duckmen 17 - The Reckoning,0,0,,,,False,0.6,en,,60,0.0,0
758,Bloody Sex,0,0,Horror,Spain,Manuel Esteba P.C.,False,0.664,es,1981-08-01,82,0.0,0
759,Duck Commander Duckmen 16 - Resurrection,0,0,,,,False,0.6,en,,60,0.0,0
760,A Tribute to Edith Piaf: Live at Montreux 2004,0,0,Music,,,False,0.6,en,2008-02-19,,0.0,0
761,Adam Jensen - Live at Kiss FM Boston,0,0,Music,,,False,0.6,en,2013-01-01,,0.0,0
762,After The Fire - Live at the Greenbelt,0,0,Music,,,False,0.6,en,2006-04-25,,0.0,0
763,Surrender,0,0,"Adventure, Family, Drama",Norway,,False,0.84,en,1988-09-20,66,0.0,0
764,A Passage to Anuta,0,0,,,,False,0.6,en,2014-01-01,12,0.0,0
765,My Name Is Jacque,0,0,Documentary,Brazil,,False,0.6,pt,2016-04-21,80,0.0,0
766,Soukhyam,0,0,,,,False,0.602,te,2015-12-25,,0.0,0
767,Cavemen - Inventions in History,0,0,"Animation, Comedy",Argentina,Mapo Proyectos,False,0.6,en,2014-09-16,3,0.0,0
768,The Ascent,0,0,"War, Adventure","United States of America, Canada","RHI Entertainment, Cabin Fever Entertainment",False,1.208,en,1994-09-15,96,5.3,3
769,Ultimate Armored Car: The Presidential Beast,0,0,,,,False,0.6,en,2012-02-12,42,0.0,0
770,Peter Coukis: Gimoire,0,0,Horror,United States of America,Blue Plum Enterprises,False,0.626,en,2013-02-27,6,2.5,1
771,Maridinho de Luxo,0,0,,Brazil,,False,0.6,pt,1938-08-08,,0.0,0
772,Change of Heart,0,0,Drama,Canada,D.E.S.C.A. Productions Ltd.,False,0.6,en,1993-05-21,96,0.0,0
773,24 Horas de Sonho,0,0,Comedy,Brazil,Cinédia,False,0.912,pt,1941-09-25,92,5.0,1
774,Cavemen - Stone and Sword,0,0,"Animation, Comedy",Argentina,Mapo Proyectos,False,0.6,en,2014-12-08,2,0.0,0
775,Cavemen - The Communication,0,0,"Animation, Comedy",Argentina,Mapo Proyectos,False,0.6,en,2016-02-03,1,0.0,0
776,Frog Crossing,0,0,,,,False,0.6,en,1996-01-01,12,0.0,0
777,Cavemen - The Art,0,0,"Animation, Comedy",Argentina,Mapo Proyectos,False,0.6,en,2016-03-07,2,0.0,0
778,Extra Terrestres,0,0,Drama,"Puerto Rico, Venezuela","El Taller Cinemático, C&E Producciones, Pulsar Films",False,1.14,es,2017-01-02,110,0.0,0
779,Goldthwait Home Movies,36,0,,,,False,0.6,en,2008-06-13,8,0.0,0
780,On the Pond,0,0,,,,False,0.6,en,1978-01-01,10,0.0,0
781,The Three Wishes,0,0,"Animation, Comedy",Argentina,Mapo Proyectos,False,0.6,en,2014-12-08,2,0.0,0
782,Ringo,0,0,"Animation, Comedy, Music",Argentina,Mapo Proyectos,False,0.6,en,2013-01-09,1,0.0,0
783,Обыкновенный человек,0,0,"Comedy, Romance","Russia, Soviet Union",Mosfilm,False,0.6,ru,1957-03-08,,7.3,2
784,river,0,0,,,,False,1.34,en,1989-01-01,15,0.0,0
785,Close Encounters,0,0,"Animation, Comedy",Argentina,Mapo Proyectos,False,0.6,en,2012-09-12,5,0.0,0
786,Somewhere Between Jalostotitlan and Encarnacion,0,0,,,,False,0.84,en,1984-01-01,6,0.0,0
787,Kitchener-Berlin,0,0,,,,False,1.4,en,1990-01-01,34,0.0,0
788,Technilogic Ordering,0,0,,,,False,0.84,en,1994-01-01,30,0.0,0
789,Плащаница Александра Невского,0,0,"Mystery, Crime",,,False,0.84,ru,1992-09-01,,3.5,1
790,Chimera,0,0,,Canada,,False,1.091,en,1996-03-15,15,0.0,0
791,Преферанс по пятницам,0,0,"Drama, Crime",,,False,0.724,ru,1984-09-24,,4.5,1
792,Kokoro is for Heart,0,0,Drama,Canada,,False,0.84,en,1999-01-01,7,0.0,0
793,Desandando la vida,0,0,Drama,Puerto Rico,Corporación de Puerto Rico para la Difusión Pública,False,0.64,es,2003-09-15,109,0.0,0
794,What these ashes wanted,0,0,,,,False,0.6,en,2001-01-01,55,0.0,0
795,Lessons in Process,0,0,,,,False,0.845,en,2012-01-01,30,0.0,0
796,"Farewell, Doves",0,0,Romance,Soviet Union,Yalta Film Studio,False,0.917,ru,1961-03-27,,7.0,1
797,Disneys zauberhafte Märchenwelt 2: Das hässliche Entlein & Klein-Adlerauge,0,0,,,,False,0.6,de,,,0.0,0
798,Slaughterhouse,0,0,,,,False,0.6,en,2014-01-01,15,0.0,0
799,Рокировка в длинную сторону,0,0,Mystery,Russia,,False,0.6,ru,1970-05-25,,0.0,0
800,Самолет уходит в 9,0,0,Romance,Soviet Union,Dovzhenko Film Studios,False,0.871,ru,1961-01-21,,5.0,1
801,Magic Kingdom: Alamat ng Damortis,0,0,,,,False,0.6,tl,1997-05-12,,0.0,0
802,Случай из следственной практики,0,0,"Crime, Mystery","Ukraine, Soviet Union",Odessa Film Studio,False,0.6,ru,1968-12-09,,0.0,0
803,"Helloween: [2011] Paris, France",0,0,,,,False,1.344,en,2011-01-11,,0.0,0
804,Double Life,0,0,Documentary,France,,False,1.537,fr,1980-07-10,15,0.0,0
805,"Helloween: [2006] Bucharest, Romania",0,0,,,,False,1.4,en,2006-01-28,,0.0,0
806,Kôkô san'nensei,0,0,"Music, Comedy, Drama",Japan,"Daiei Motion Picture Co., Ltd.",False,0.6,ja,1963-11-16,84,0.0,0
807,Brothers,0,0,Drama,United States of America,,False,0.687,en,2014-01-01,11,7.3,3
808,Espanish Dream,0,0,,,,False,1.4,es,,,0.0,0
809,The Time of Reckoning,0,0,Drama,Japan,"Daiei Motion Picture Co., Ltd.",False,0.6,ja,1968-06-29,119,0.0,0
810,Stop,0,0,Drama,United States of America,Warner Bros. Pictures,False,1.4,en,1970-05-16,89,0.0,0
811,Discovering Yosemite,0,0,,,,False,0.6,en,2005-01-04,90,0.0,0
812,Bellator 154: Davis vs. King Mo,0,0,,,,False,0.6,en,2016-05-14,,0.0,0
813,Overwatch Animated Short: Dragons,0,0,"Animation, Science Fiction, Action, Adventure",United States of America,Blizzard Entertainment,False,2.233,en,2016-05-16,8,7.9,38
814,Inergia: sintiencia al vacío,0,0,Horror,Puerto Rico,Spanglish Films,False,0.6,es,2015-11-03,19,0.0,0
815,Death Cab for Cutie - Directions,0,0,,,,False,0.6,en,2006-04-11,140,0.0,0
816,Ola's Borgen,0,0,Documentary,,,False,0.604,nl,2016-05-05,70,0.0,0
817,Late Night Cable,0,0,Comedy,United States of America,Gonzoriffic Films,False,1.467,en,2016-05-05,57,0.0,0
818,Tattle Tale,0,0,Comedy,,,False,1.4,en,1993-07-21,89,0.0,0
819,WHY CARS?-CARnage!,0,0,,,,False,0.6,en,1979-10-06,60,0.0,0
820,Zwischen Himmel und Erde,0,0,Drama,Germany,,False,1.027,de,1942-06-11,,0.0,0
821,Nightmare Angel,0,0,,,,False,1.4,en,1986-01-01,30,0.0,0
822,Der verschwundene Graf,0,0,Crime,"Austria, Germany",,False,0.6,de,1957-10-02,,0.0,0
823,Die Stärkere,0,0,"Romance, Drama",Germany,Capitol Film,False,0.812,de,1953-08-11,98,0.0,0
824,Das gestohlene Jahr,89,0,Drama,Germany,,False,1.126,de,1951-06-21,,0.0,0
825,The Tentmakers of Cairo,0,0,Documentary,"Australia, Egypt",,False,0.6,ar,2015-04-21,100,0.0,0
826,No Light and No Land Anywhere,0,0,Drama,,,False,0.914,en,2018-03-16,75,5.0,1
827,Namour,0,0,Drama,,,False,1.034,en,2016-06-05,80,7.0,2
828,Mauvais garçon,0,0,Drama,France,Les Films Noirs,False,0.6,fr,1993-11-24,,0.0,0
829,The Bronze Monster,0,0,Mystery,Japan,"Shochiku Co., Ltd.",False,0.6,ja,1954-12-29,126,0.0,0
830,The Spider-Man,0,0,Mystery,Japan,,False,0.844,ja,1958-06-29,108,0.0,0
831,Magic to Love,0,0,"Family, Fantasy, Comedy",Philippines,Regal Entertainment,False,0.626,tl,1989-02-02,,0.0,0
832,"Onde Estás, Felicidade?",0,0,"Drama, Romance, Music",Brazil,Cinédia,False,0.6,pt,1939-04-17,,0.0,0
833,When Love Is Gay,0,0,Documentary,Canada,ONF FNB,False,0.87,fr,1994-01-01,49,1.0,1
834,Always (crashing),0,0,,,,False,0.6,en,2016-03-25,14,0.0,0
835,Before I Fall,5000000,12141122,"Drama, Mystery, Thriller, Fantasy",United States of America,"Open Road Films, Jon Shestack Productions, Awesomeness Films",False,9.82,en,2017-03-02,98,7.0,2193
836,Cartas da Mãe,0,0,,,,False,0.6,pt,2003-01-02,,0.0,0
837,Breakin' Through,0,0,,,Walt Disney Pictures,False,0.84,en,1984-01-01,73,0.0,0
838,"Anticipation, ou l'Amour en l'an 2000",0,0,"Romance, Science Fiction",,,False,0.915,en,1967-04-27,20,6.0,1
839,Khoya,0,0,Drama,,,False,0.6,en,2016-06-10,85,0.0,0
840,Ecuador: The Royal Tour,0,0,Documentary,United States of America,,False,0.676,en,2016-04-02,59,0.5,1
841,¿Quién dice yo?,0,0,Documentary,Puerto Rico,Enfoque Films,False,0.605,es,2016-04-15,11,0.0,0
842,Rombongan Cik Kiah Ke Kelana Jaya,0,0,,,,False,1.414,en,2014-10-23,,0.0,0
843,Karunamayudu,0,0,,,,False,0.6,en,1978-12-21,160,0.0,0
844,The Young Bucks: Too Sweet Journey,0,0,,,,False,0.6,en,,90,0.0,0
845,Rendel,1686858,1891907,"Fantasy, Action, Crime",Finland,"Frozen Flame Pictures, Bad Beaver Productions, Black Lion Pictures, Haaja & Arwo Design",False,7.045,fi,2017-09-22,105,4.7,64
846,The Art Of Diving 3D - Explore The Reefs,0,0,,,,False,0.6,de,2014-01-17,,0.0,0
847,Jammin' in Jamaica,0,0,,,,False,0.63,en,2004-05-15,56,6.0,1
848,Masquerade Madness,0,0,,,,False,0.6,en,2004-06-01,28,6.0,2
849,Standing on the Shoulders of Kubrick: The Legacy of 2001,0,0,,,,False,0.911,en,2007-10-23,22,5.5,2
850,Say It Ain't Solo,0,0,Comedy,United States of America,B.B. Productions,False,1.604,en,2012-04-01,16,0.0,0
851,Letters from Prague,0,0,"Romance, Drama",Indonesia,"Visinema Pictures, 13 Entertainment",False,2.122,id,2016-01-28,94,7.0,3
852,Over the Madness,50,0,"Documentary, Music",United States of America,Kayane Productions,False,0.6,en,2007-05-28,80,0.0,0
853,The Condom Killer,0,0,"Crime, Comedy",United States of America,WinMel Productions,False,0.828,en,2009-12-31,15,0.0,0
854,Tarfaya,0,0,,"Morocco, France",,False,0.6,ar,2004-09-17,97,0.0,0
855,Questions for Two Women,0,0,Documentary,Czech Republic,Krátký film Praha,False,0.6,cs,1985-05-01,22,0.0,0
856,The Story of Bohemian Rhapsody,0,0,Documentary,United Kingdom,BBC Three,False,1.737,en,2004-12-04,60,8.5,4
857,Akrobat schö-ö-ö-n,0,0,"Drama, Comedy, Romance",Germany,"Tobis-Filmkunst GmbH, Herstellungsgruppe Werner Malbran",False,0.6,de,1943-12-01,85,7.0,1
858,Everyday I Step In Front of Your Face,0,0,Documentary,Czech Republic,Krátký film Praha,False,0.6,cs,1992-01-01,28,0.0,0
859,Conversations,0,0,Documentary,Czech Republic,Krátký film Praha,False,0.6,cs,1983-01-01,21,0.0,0
860,Koutroulis` Wedding,0,0,Comedy,Greece,Attika Film,False,0.6,el,1962-01-01,82,4.0,1
861,Helloween: [2016] New York City,0,0,,,,False,1.353,en,2016-03-01,,0.0,0
862,Cyborg X,1000000,0,"Action, Horror, Science Fiction",United States of America,"Parking Garage Pictures, Arrowstorm Entertainment, The Klimax",False,3.777,en,2016-05-17,90,4.8,24
863,A Film on Family Planning,0,0,Animation,Indonesia,,False,0.84,id,1979-06-02,2,0.0,0
864,Kubis,0,0,Animation,Indonesia,,False,0.6,en,1978-06-09,4,0.0,0
865,Non la vogliono capire...,0,0,"Adventure, Documentary",,,False,0.6,it,2003-05-03,,10.0,1
866,"Great Brides, Gullible Grooms",0,0,Comedy,,,False,0.6,el,1972-01-01,80,0.0,0
867,Sister with Sister,0,0,"Comedy, Drama",Japan,"Toei Company, Ltd.",False,0.6,ja,1958-12-09,90,0.0,0
868,"Dio: [1996] Las Vegas, Nevada",0,0,,,,False,1.091,en,1996-11-12,,0.0,0
869,Four Brides and a Groom,0,0,Comedy,Greece,Tzal Film,False,0.643,el,1958-01-01,90,7.5,4
870,Detective Duel,0,0,,Japan,"Toei Company, Ltd.",False,0.6,ja,1958-08-06,87,0.0,0
871,The Fatal Game,0,0,"Adventure, Documentary, Drama",,,False,0.6,en,1997-05-17,,10.0,2
872,Peggy,0,0,Comedy,United States of America,Universal International Pictures,False,0.93,en,1950-07-01,76,6.0,1
873,Actors of Sound,0,0,Documentary,,,False,0.6,en,2016-06-04,98,6.0,1
874,La Conquista del K2,0,0,"Adventure, Documentary",,,False,0.6,it,2004-05-17,,0.0,0
875,I Naufraghi Del Monte Bianco,0,0,"Adventure, Documentary",,,False,0.6,it,2003-05-17,,10.0,1
876,"K2: Il Sogno, L'incubo",0,0,"Adventure, Documentary",,,False,0.6,it,2007-05-17,,8.0,2
877,Dio: [1998] Inferno in Sofia,0,0,,,,False,1.4,en,1998-09-20,,0.0,0
878,K2 - Sogno e Destino,0,0,"Adventure, Documentary",,,False,0.6,it,1989-05-17,,10.0,1
879,La Grande Cordata,0,0,"Adventure, Documentary",,,False,0.6,it,2002-05-17,,10.0,1
880,Jack's Playground 7,0,0,,United States of America,Digital Playground,True,0.6,en,2004-02-24,99,6.0,1
881,"Walter Bonatti - con i muscoli, con il cuore, con la testa",0,0,"Adventure, Documentary",,,False,0.951,it,2012-05-17,,8.5,2
882,Home,0,0,,,,False,0.6,en,2012-07-29,11,0.0,0
883,Wieder in Wittstock,0,0,Documentary,Germany,DEFA-Studio für Dokumentarfilme,False,0.84,de,1976-09-16,22,0.0,0
884,Wittstock III,0,0,Documentary,Germany,DEFA-Studio für Dokumentarfilme,False,0.6,de,1978-08-31,32,0.0,0
885,En busca de hackers,0,0,Documentary,,,False,0.6,es,2005-05-17,,0.0,0
886,Leben und Weben,0,0,Documentary,Germany,DEFA-Studio für Dokumentarfilme,False,0.84,de,1981-12-18,28,0.0,0
887,Neues in Wittstock,0,0,Documentary,Germany,DEFA-Studio für Dokumentarfilme,False,0.6,de,1992-11-20,94,0.0,0
888,"Wittstock, Wittstock",0,0,Documentary,Germany,Herbert Kruschke Filmproduktion,False,0.6,de,1997-02-21,110,0.0,0
889,Wolume. 1,0,0,Documentary,Sweden,4608 Productions,False,0.6,en,2012-12-13,82,0.0,0
890,Santa Baby,0,0,Comedy,United States of America,"Shane Ladd Productions, ShLadd Films",False,0.6,en,2012-12-19,5,0.0,0
891,RetroAhoy: Doom,0,0,Documentary,,,False,0.6,en,2016-01-24,50,0.0,0
892,RetroAhoy: Quake,0,0,Documentary,,,False,0.6,en,2016-05-13,67,7.0,1
893,Dead Souls,0,0,"Comedy, Drama, History","Russia, Soviet Union","Gosteleradio USSR, Mosfilm",False,1.062,ru,1984-11-19,388,6.0,2
894,Sega,0,0,Action,India,Mana Desam Movies,False,1.4,te,2011-07-29,106,4.0,1
895,Ali Campbell - Live at the Shepherds Bush Empire,0,0,Music,,,False,0.6,en,2009-01-01,,0.0,0
896,10 days in North Korea,0,0,,,,False,0.6,es,2013-01-01,47,5.0,1
897,Miedo,0,0,Thriller,,,False,1.4,es,2010-07-17,,5.3,3
898,Gina Lynn's Dark Side,0,0,,United States of America,Jules Jordan Video,True,0.6,en,2004-09-29,190,6.0,1
899,Blue - A Year In The Life Of,0,0,"Documentary, Music",United Kingdom,Virgin Records,False,0.6,en,2002-03-25,71,0.0,0
900,Saliendo del cascarón,0,0,Drama,Puerto Rico,Asociación de Cine de la Escuela de Artes Plásticas,False,1.352,es,2015-11-08,7,0.0,0
901,KISS: Rocks Vegas,0,0,Music,,,False,1.214,en,2016-05-25,105,4.0,1
902,Iron Maiden: [2000] Gods of Metal,0,0,,,,False,1.4,en,2000-06-10,,0.0,0
903,Digital Theatre: Parlour Song,0,0,,,,False,1.094,en,2009-11-18,99,0.0,0
904,Les Champions d'Hitler,0,0,,,,False,0.6,fr,,,0.0,0
905,Rammstein - Live from Madison Square Garden,0,0,Music,,,False,1.5,de,2015-09-25,101,9.0,2
906,Ozzy Osbourne: [1995] Monsters Of Rock Chile,0,0,,,,False,0.627,en,1995-09-08,,0.0,0
907,Mi gallo,0,0,"Drama, Thriller",Puerto Rico,Spanglish Films,False,0.892,es,2016-04-16,7,0.0,0
908,Bet To Win,0,0,Documentary,United Kingdom,Betfred,False,0.6,en,2011-01-01,,0.0,0
909,A Walk,0,0,Documentary,United States of America,,False,0.6,en,1990-01-01,58,0.0,0
910,In Love with Sex,0,0,Drama,"Italy, France, Canada","Pierson Productions, Citel Films, Industrie Cinematografiche Artistiche Romane (I.C.A.R.)",False,1.126,fr,1973-05-17,92,0.0,0
911,The Diary of Alicia Keys,0,0,"Music, Documentary",,,False,0.6,en,2004-11-16,,0.0,0
912,Valentina,0,0,Drama,Puerto Rico,Érase Una Vez,False,0.68,es,2016-04-16,8,0.0,0
913,Jim Morrison His Final Hours,0,0,Documentary,,,False,1.293,en,2010-10-19,48,10.0,1
914,Yesterday and Forever,0,0,,,,False,0.6,lt,1985-05-17,63,0.0,0
915,Anti-Flag - Death of a Nation,0,0,Music,,,False,0.6,en,2004-10-26,,0.0,0
916,Sparkle's Tavern,0,0,"Fantasy, Comedy, Drama",United States of America,,False,0.911,en,1985-06-01,120,7.0,1
917,My Horrible Year!,0,0,,,,False,1.916,en,2001-07-04,92,4.8,4
918,"Metallica: [1993] Mexico City, Mexico",0,0,,,,False,1.164,en,1993-03-01,,0.0,0
919,Jadakiss The Kiss of Death Tour 2005,0,0,Music,,,False,0.6,en,2008-07-08,,0.0,0
920,Rynek,0,0,,,,False,0.6,en,1970-01-01,4,0.0,0
921,Country Classics: A Tapestry Of Our Musical Heritage,0,0,Music,,,False,0.6,en,2014-10-27,,0.0,0
922,Test,0,0,,,,False,0.62,en,1971-01-01,2,8.0,1
923,"Kiss [1990] Orlando, FL",0,0,,,,False,0.6,en,1990-08-02,,0.0,0
924,Okno,0,0,,,,False,0.6,en,1972-01-01,8,0.0,0
925,Angel City,0,0,"Drama, TV Movie",United States of America,Factor/Newland Productions,False,1.96,en,1980-11-12,95,0.0,0
926,"1,2,3 Ćwiczenie Operatorskie",0,0,,,,False,0.6,en,1972-01-01,8,0.0,0
927,The Lost James Brown Tapes,0,0,Music,,,False,0.6,en,1991-01-01,,0.0,0
928,Ćwiczenie,0,0,,,,False,0.6,en,1973-01-01,4,0.0,0
929,"Kiss [1992] Bethlehem, PA",0,0,,,,False,0.6,en,1992-01-20,,0.0,0
930,I'm Going,0,0,,,,False,0.6,en,1973-01-01,3,0.0,0
931,Wayne Shorter: Live at Montreux 1996,0,0,Music,,,False,0.6,en,2009-02-17,,10.0,1
932,Zaprzeczenie I,0,0,,,,False,0.6,en,1973-01-01,4,0.0,0
933,Obszar,0,0,,,,False,1.09,en,1973-01-01,5,0.0,0
934,Alice Cooper - AVO Session,0,0,Music,,,False,0.6,en,2012-11-04,,0.0,0
935,A-B-C-D-E-F = 1-36,0,0,,,,False,0.6,en,1974-01-01,6,0.0,0
936,Alt-J - Live at The Cutting Room,0,0,Music,,,False,0.6,en,2012-01-01,,0.0,0
937,"Andrew Duhon - Live from Studio Liveset: New Orleans, LA",0,0,Music,,,False,0.6,en,2011-01-01,,0.0,0
938,Les deux timides,0,0,Comedy,France,,False,1.4,fr,1943-03-03,,0.0,0
939,Editors: [2015] Paard Van Troje,0,0,,,,False,0.6,en,2015-10-02,,0.0,0
940,Artist Setlist - O.A.R.,0,0,Music,,,False,0.6,en,2014-01-01,,0.0,0
941,Artist Setlist - Zac Brown Band,0,0,Music,,,False,0.6,en,2013-01-01,,0.0,0
942,"Aunt Martha - Live from 5th Street Studios in Austin, TX",0,0,,,,False,0.6,en,2012-01-11,,0.0,0
943,Average White Band: Rockstage,0,0,Music,,,False,0.6,en,2011-01-01,54,9.5,1
944,Berlin Philharmonic Orchestra - Waldbuhne 2006 - Thousand and One Nights,0,0,Music,,,False,0.6,en,2006-01-01,,0.0,0
945,Blondie - Blondie Live! The Farewell Concert 1982,0,0,Music,,,False,0.6,en,1982-01-01,,0.0,0
946,Ozzy Osbourne: [1981] After Hours,0,0,,,,False,1.4,en,1981-04-28,,10.0,1
947,Cuentas pendientes,0,0,Documentary,Puerto Rico,Producciones Once 9,False,0.932,es,2016-09-11,98,0.0,0
948,Ja Rule Live 2005,0,0,Music,,,False,0.6,en,2015-01-01,,0.0,0
949,John Lee Hooker - Cook With The Hook: Live 1974,0,0,Music,,,False,0.6,en,2012-06-19,,0.0,0
950,Ann Peebles - I Can't Stand the Rain,0,0,Music,,,False,0.6,en,2009-10-20,,0.0,0
951,"In Paris, A.W.O.L.",0,0,Comedy,,,False,0.6,en,1936-04-01,67,0.0,0
952,De Toppers - Live In Concert 2010,0,0,Music,,,False,0.6,en,2010-01-01,,0.0,0
953,Demon in the Freezer,0,0,Documentary,,The New York Times,False,0.884,en,2016-05-17,18,5.0,1
954,Cheb Mami - LIVE AU GRAND REX 2004,0,0,Music,,,False,0.6,en,2004-01-01,,0.0,0
955,Kohlhiesels Töchter,0,0,Comedy,Germany,,False,0.841,de,1943-03-18,,0.0,0
956,Raiders,0,0,,Israel,,False,0.849,ru,2014-05-01,,0.0,0
957,Story of a Day Laborer,0,0,Drama,Japan,Nikkatsu Corporation,False,0.6,ja,1956-09-11,95,0.0,0
958,感傷夫人,0,0,Drama,Japan,Nikkatsu Corporation,False,0.6,ja,1956-10-24,92,0.0,0
959,1932: Scars of Memory,0,0,Documentary,El Salvador,Icarus Films,False,1.342,es,2005-01-01,54,0.0,0
960,The Long Death,0,0,"Mystery, Drama, Crime",Japan,Nikkatsu Corporation,False,0.961,ja,1964-04-12,109,0.0,0
961,Beyond the Gates,300000,0,"Adventure, Horror",United States of America,"Lodger Films, Easy Open Productions, Thunder Warrior Productions, Destroy All Entertainment",False,6.524,en,2016-06-02,84,5.1,101
962,Mr. President,0,0,Comedy,"Cuba, France, Nicaragua","TFI France, Instituto Cubano del Arte e Industrias Cinematográficos, Société Française de Production (SFP)",False,0.6,es,1983-01-01,90,0.0,0
963,Teen Age Trap,0,0,Drama,Japan,Nikkatsu Corporation,False,0.6,ja,1957-12-15,87,0.0,0
964,Fighters,0,0,,,,True,0.6,en,,,0.0,0
965,金語楼の俺は殺し屋だ,0,0,Comedy,Japan,Nikkatsu Corporation,False,0.6,ja,1960-08-16,67,0.0,0
966,Eulalia,0,0,Drama,Costa Rica,,False,0.62,es,1987-01-01,90,4.0,1
967,El Salvador: The People Will Win,0,0,"War, Documentary",El Salvador,Instituto Cinematográfico de El Salvador Revolucionario F.M.L.N,False,0.6,es,1980-01-02,80,0.0,0
968,霧の夜の男,0,0,Action,Japan,Nikkatsu Corporation,False,0.6,ja,1962-07-08,86,0.0,0
969,Marking Time,0,0,,,,False,0.631,en,2015-07-07,6,7.0,1
970,Where When,0,0,,,,False,0.601,en,2015-07-07,,0.0,0
971,Fair Haven,0,0,"Family, Drama",United States of America,"Silent Giant Productions, Trick Candle Productions",False,3.565,en,2017-03-03,90,6.4,41
972,"No te duermas, cabrón",0,0,Horror,Puerto Rico,Producciones Zer0Filme,False,0.852,es,2015-11-03,,0.0,0
973,1937: Masacre de Ponce,0,0,Documentary,Puerto Rico,Corporación de Puerto Rico para la Difusión Pública,False,1.341,es,2002-01-02,55,0.0,0
974,Born to Be Mild,0,0,,,,False,0.6,en,2014-02-04,15,0.0,0
975,Prelude: A Love Story,0,0,Horror,,,False,0.858,en,2017-01-01,7,0.0,0
976,Coming Out,0,0,Drama,Japan,,False,0.6,ja,2014-07-20,98,6.0,2
